Date,ERJ,PBR,VALE
2002-03-22,14.68966293334961,2.230074167251587,0.8970341086387634
2002-04-05,13.961825370788574,2.337153196334839,0.9505472183227539
2002-04-12,14.983595848083496,2.2309587001800537,0.9707859754562378
2002-04-19,15.116556167602539,2.260162830352783,0.9467738270759583
2002-04-26,15.585464477539062,2.1769773960113525,0.934767484664917
2002-05-03,16.271299362182617,2.1106059551239014,0.9261918067932129
2002-05-10,15.613451957702637,1.997331976890564,0.9484890699386597
2002-05-17,15.984370231628418,2.0424649715423584,0.9450585246086121
2002-05-24,15.93537425994873,2.1176857948303223,0.969071626663208
2002-05-31,16.516250610351562,2.1070663928985596,1.0291022062301636
2002-06-07,15.277528762817383,1.929190754890442,1.0002875328063965
2002-06-14,15.284530639648438,1.7513163089752197,0.9676988124847412
2002-06-21,13.555924415588379,1.4318492412567139,0.9038946032524109
2002-06-28,15.075434684753418,1.6690160036087036,0.9491748809814453
2002-07-05,14.66685676574707,1.546007752418518,0.9381983876228333
2002-07-12,14.448471069335938,1.532733678817749,0.9299654960632324
2002-07-19,14.483689308166504,1.4336193799972534,0.914185643196106
2002-07-26,12.940921783447266,1.216806411743164,0.8267120718955994
2002-08-02,12.891611099243164,1.3619381189346313,0.8702775835990906
2002-08-09,13.095905303955078,1.4734419584274292,0.869591236114502
2002-08-16,11.884235382080078,1.2592839002609253,0.8888012766838074
2002-08-23,12.158974647521973,1.2787525653839111,0.869591236114502
2002-08-30,12.313953399658203,1.411495327949524,0.8781670928001404
2002-09-06,11.799700736999512,1.4194600582122803,0.8661609888076782
2002-09-13,11.658807754516602,1.496450662612915,0.8644456267356873
2002-09-20,10.719541549682617,1.2583990097045898,0.8455789685249329
2002-09-27,9.761174201965332,0.8849502205848694,0.7845186591148376
2002-10-04,10.400086402893066,1.107957363128662,0.8078449964523315
2002-10-11,9.626289367675781,0.9433565735816956,0.7762861847877502
2002-10-18,10.038034439086914,0.9699050784111023,0.7982401847839355
2002-10-25,11.00350284576416,1.1592848300933838,0.8912023305892944
2002-11-01,11.109990119934082,1.1902577877044678,0.9073250889778137
2002-11-08,11.692108154296875,1.1502125263214111,0.9038946032524109
2002-11-15,10.300697326660156,1.2177661657333374,0.9433327317237854
2002-11-22,10.215510368347168,1.2546950578689575,0.9567586183547974
2002-11-29,10.378789901733398,1.1799362897872925,0.9532254338264465
2002-12-06,10.641450881958008,1.1925455331802368,0.9927964806556702
2002-12-13,10.41428279876709,1.1934469938278198,1.0005686283111572
2002-12-20,11.13128662109375,1.443845272064209,1.016821026802063
2002-12-27,11.381446838378906,1.3321565389633179,1.0157610177993774
2003-01-03,11.374241828918457,1.3600789308547974,1.0210604667663574
2003-01-10,11.388646125793457,1.5807536840438843,1.003395438194275
2003-01-17,10.877202033996582,1.4519517421722412,0.9708909392356873
2003-01-24,10.128045082092285,1.249290943145752,0.9083552956581116
2003-01-31,10.15685749053955,1.335759162902832,0.9768971800804138
2003-02-07,9.177189826965332,1.2429858446121216,1.0228271484375
2003-02-14,7.491584300994873,1.2429858446121216,0.9539320468902588
2003-02-21,7.599635124206543,1.2546950578689575,0.9998621344566345
2003-02-28,7.426754951477051,1.2042548656463623,1.024593710899353
2003-03-07,7.304294586181641,1.2438864707946777,1.0115208625793457
2003-03-14,7.225054740905762,1.350170612335205,0.9892628192901611
2003-03-21,8.62252426147461,1.4249298572540283,0.982197105884552
2003-03-28,8.06785774230957,1.4150328636169434,0.9698309898376465
2003-04-04,9.710245132446289,1.5511654615402222,0.9556986689567566
2003-04-11,9.674226760864258,1.4557803869247437,0.9892628192901611
2003-04-25,9.587788581848145,1.5974688529968262,0.9794589877128601
2003-05-02,10.437793731689453,1.7243406772613525,1.0021451711654663
2003-05-09,10.264908790588379,1.8086121082305908,1.038514494895935
2003-05-16,10.610673904418945,1.8289861679077148,1.0298722982406616
2003-05-23,10.401776313781738,1.8002780675888062,1.073083519935608
2003-05-30,10.625082015991211,1.7734217643737793,1.0802857875823975
2003-06-06,12.245861053466797,1.9086284637451172,1.109093189239502
2003-06-13,14.594182968139648,1.9354846477508545,1.0622806549072266
2003-06-20,13.902652740478516,1.778977870941162,1.0817261934280396
2003-06-27,13.978281021118164,1.7734217643737793,1.071283221244812
2003-07-11,14.341357231140137,1.8845504522323608,1.1397016048431396
2003-07-18,14.014595031738281,1.956783652305603,1.146543264389038
2003-07-25,13.869362831115723,1.9123318195343018,1.216761589050293
2003-08-01,12.838238716125488,1.7752740383148193,1.2473701238632202
2003-08-08,13.135958671569824,1.914184808731079,1.2174818515777588
2003-08-15,12.714792251586914,1.9280755519866943,1.337753415107727
2003-08-22,13.49902629852295,1.9391889572143555,1.335233211517334
2003-08-29,14.806085586547852,2.046612501144409,1.3729190826416016
2003-09-05,16.156723022460938,2.2299740314483643,1.4484390020370483
2003-09-12,15.372483253479004,2.186448574066162,1.4627363681793213
2003-09-19,15.815435409545898,2.1290323734283447,1.525058627128601
2003-09-26,15.249037742614746,2.0697646141052246,1.4425733089447021
2003-10-03,15.822690963745117,2.2883167266845703,1.6661994457244873
2003-10-10,17.347593307495117,2.3475852012634277,1.643104076385498
2003-10-17,18.298847198486328,2.259608268737793,1.7162766456604004
2003-10-24,18.516687393188477,2.1910789012908936,1.6180447340011597
2003-10-31,18.843454360961914,2.176262140274048,1.6958889961242676
2003-11-07,19.71483039855957,2.252199649810791,1.6325019598007202
2003-11-14,19.08308219909668,2.2660908699035645,1.6158207654953003
2003-11-21,19.8673152923584,2.343050003051758,1.5594761371612549
2003-11-28,21.363174438476562,2.325657844543457,1.6232348680496216
2003-12-05,22.082059860229492,2.4493327140808105,1.7981984615325928
2003-12-12,22.474184036254883,2.6242146492004395,1.9942913055419922
2003-12-19,25.523990631103516,2.736295223236084,2.0888164043426514
2003-12-26,25.65750503540039,2.713106870651245,2.185936212539673
2004-01-02,25.876813888549805,2.9179418087005615,2.2537715435028076
2004-01-09,24.195541381835938,3.1846158504486084,2.2552549839019775
2004-01-16,23.94700813293457,3.1247103214263916,2.1729624271392822
2004-01-23,23.128313064575195,3.193309783935547,2.1129109859466553
2004-01-30,21.54207992553711,2.8406453132629395,1.9894728660583496
2004-02-06,20.818410873413086,2.908280372619629,2.1036434173583984
2004-02-13,21.015769958496094,3.11698055267334,2.2107720375061035
2004-02-20,21.271617889404297,2.9334018230438232,2.1084628105163574
2004-02-27,22.068382263183594,3.0145628452301025,2.146272659301758
2004-03-05,23.749650955200195,3.179784059524536,2.149609088897705
2004-03-12,21.20583152770996,3.1266438961029053,1.9435075521469116
2004-03-19,21.5274600982666,3.154662847518921,1.9913262128829956
2004-03-26,23.206579208374023,3.0451698303222656,1.9312748908996582
2004-04-02,23.883716583251953,3.3538429737091064,2.087704658508301
2004-04-16,21.624143600463867,3.2549099922180176,1.9917103052139282
2004-04-23,21.020612716674805,3.1708154678344727,1.865818977355957
2004-04-30,18.989206314086914,2.85917592048645,1.709864616394043
2004-05-07,18.54759979248047,2.7157227993011475,1.619673490524292
2004-05-14,19.136411666870117,2.659330129623413,1.697463035583496
2004-05-21,17.134450912475586,2.409029006958008,1.7793861627578735
2004-05-28,18.738964080810547,2.5821621417999268,1.9052777290344238
2004-06-04,19.2468204498291,2.5930442810058594,1.8556725978851318
2004-06-18,20.056432723999023,2.6563618183135986,1.7267749309539795
2004-06-25,20.534847259521484,2.7256155014038086,1.8413920402526855
2004-07-02,21.66183090209961,2.7750816345214844,1.7775073051452637
2004-07-09,21.579999923706055,2.7078068256378174,1.7887808084487915
2004-07-16,21.4981632232666,2.8888564109802246,2.0274102687835693
2004-07-23,20.70221519470215,2.68900990486145,1.890246033668518
2004-07-30,21.27500343322754,2.7978365421295166,2.02553129196167
2004-08-06,21.20806312561035,2.8196020126342773,1.9533792734146118
2004-08-13,20.947702407836914,2.852250337600708,2.0161361694335938
2004-08-20,20.337717056274414,3.106508255004883,2.1735947132110596
2004-08-27,20.19637680053711,3.0125224590301514,2.1337602138519287
2004-09-03,20.590635299682617,3.1025524139404297,2.1728427410125732
2004-09-10,20.218692779541016,3.1767520904541016,2.208543539047241
2004-09-17,20.769168853759766,3.343949556350708,2.331427812576294
2004-09-24,19.639480590820312,3.5447840690612793,2.3224093914031982
2004-10-01,20.513011932373047,3.7413926124572754,2.563669443130493
2004-10-08,19.616884231567383,3.823922872543335,2.526465654373169
2004-10-15,19.112340927124023,3.5987472534179688,2.494652032852173
2004-10-22,18.208683013916016,3.636445999145508,2.460083246231079
2004-10-29,19.985877990722656,3.61810564994812,2.438190460205078
2004-11-05,20.904598236083984,3.792336940765381,2.5925943851470947
2004-11-12,21.68777084350586,3.831054449081421,2.783869504928589
2004-11-19,20.671152114868164,3.636445999145508,2.7654342651367188
2004-11-26,21.3037166595459,3.7699224948883057,2.8691372871398926
2004-12-03,20.919658660888672,3.837167739868164,2.8115234375
2004-12-10,22.18477439880371,3.672107458114624,2.8426356315612793
2004-12-17,22.4935245513916,3.855508804321289,3.0500426292419434
2004-12-31,25.46886444091797,4.0531744956970215,3.3427186012268066
2005-01-07,23.15351104736328,3.8667173385620117,3.07423996925354
2005-01-14,23.092575073242188,3.98490834236145,3.3450214862823486
2005-01-21,23.61810874938965,3.912567377090454,3.4210710525512695
2005-01-28,23.86182975769043,4.055212020874023,3.4475743770599365
2005-02-04,23.481016159057617,4.334390640258789,3.4210710525512695
2005-02-11,25.765901565551758,4.53918981552124,3.3415653705596924
2005-02-18,25.57549476623535,4.605417251586914,3.6860928535461426
2005-02-25,25.674501419067383,5.075129508972168,4.098602771759033
2005-03-04,26.032482147216797,5.048639297485352,4.159672260284424
2005-03-11,25.270841598510742,4.6196818351745605,3.8451056480407715
2005-03-18,24.143634796142578,4.561605453491211,3.876215934753418
2005-04-01,23.84236717224121,4.565681457519531,3.6872451305389404
2005-04-08,24.087852478027344,4.518811225891113,3.629631996154785
2005-04-15,22.2620849609375,4.190726280212402,3.155867576599121
2005-04-22,23.013874053955078,4.343561172485352,3.306871175765991
2005-04-29,22.124004364013672,4.272238731384277,3.154695987701416
2005-05-06,23.09058380126953,4.627832889556885,3.2893123626708984
2005-05-13,22.63031005859375,4.30789852142334,2.996669054031372
2005-05-20,22.898799896240234,4.646173000335693,3.3033597469329834
2005-05-27,23.39743995666504,4.820405006408691,3.466069221496582
2005-06-03,24.601823806762695,4.925351142883301,3.503528356552124
2005-06-10,24.93937110900879,4.814291000366211,3.2682433128356934
2005-06-17,25.89347267150879,5.210643768310547,3.6006851196289062
2005-06-24,24.524967193603516,5.163773059844971,3.27526593208313
2005-07-01,24.8110408782959,5.400152206420898,3.5082099437713623
2005-07-08,24.625478744506836,5.4778151512146,3.634632110595703
2005-07-15,25.9089412689209,5.282104969024658,3.6229264736175537
2005-07-22,25.963069915771484,5.370123386383057,3.8886470794677734
2005-07-29,25.004343032836914,5.443643569946289,3.8113882541656494
2005-08-05,25.25947380065918,5.868200302124023,3.9541990756988525
2005-08-12,26.187288284301758,6.1798858642578125,4.058380126953125
2005-08-19,26.944992065429688,5.855772972106934,3.880453586578369
2005-08-26,27.21559715270996,5.953110694885254,3.9132285118103027
2005-09-02,27.694961547851562,6.472932815551758,4.1883134841918945
2005-09-09,28.483600616455078,6.874710559844971,4.353363990783691
2005-09-16,28.274856567382812,7.110805511474609,4.664735794067383
2005-09-23,30.018966674804688,7.333438873291016,5.0486836433410645
2005-09-30,30.07351303100586,7.402814865112305,5.13413667678833
2005-10-07,29.5982608795166,6.614798069000244,4.606207370758057
2005-10-14,29.878726959228516,6.4408345222473145,4.668248653411865
2005-10-21,29.504751205444336,6.283437728881836,4.611660003662109
2005-10-28,29.309968948364258,6.45119047164917,4.746282577514648
2005-11-04,30.19036102294922,6.73077392578125,5.112020969390869
2005-11-11,29.551502227783203,6.462579727172852,5.009567737579346
2005-11-18,29.372316360473633,6.726633548736572,5.087002754211426
2005-11-25,29.606042861938477,7.007255554199219,5.312166213989258
2005-12-02,29.69953727722168,7.455626487731934,5.370540142059326
2005-12-09,30.634450912475586,7.365538120269775,5.029818534851074
2005-12-16,31.20321273803711,7.161545753479004,4.903538703918457
2005-12-23,31.38862419128418,7.264059066772461,4.902345657348633
2005-12-30,30.682384490966797,7.380036354064941,4.901154041290283
2006-01-06,32.25181579589844,8.205048561096191,5.361009120941162
2006-01-13,32.338130950927734,8.773008346557617,5.637402057647705
2006-01-20,31.694665908813477,9.00668716430664,5.534946441650391
2006-01-27,30.67453384399414,9.436324119567871,5.932851314544678
2006-02-03,31.121814727783203,9.30009937286377,5.819674491882324
2006-02-10,29.371917724609375,8.812828063964844,5.579024314880371
2006-02-17,30.525434494018555,9.557882308959961,5.627869129180908
2006-02-24,31.231678009033203,9.593514442443848,5.793467044830322
2006-03-03,31.576969146728516,9.727644920349121,5.706498146057129
2006-03-10,31.365081787109375,8.868365287780762,5.152526378631592
2006-03-17,31.19244384765625,9.26237678527832,5.3514790534973145
2006-03-24,30.65099334716797,8.98573112487793,5.394368648529053
2006-03-31,28.916767120361328,9.082135200500488,5.781552314758301
2006-04-07,28.73629379272461,9.521514892578125,5.80180549621582
2006-04-21,30.007524490356445,10.559064865112305,6.2319655418396
2006-04-28,30.47050666809082,10.484803199768066,6.206665515899658
2006-05-05,29.395442962646484,11.160592079162598,6.7415571212768555
2006-05-12,28.36748695373535,10.676824569702148,6.481339454650879
2006-05-19,27.151159286499023,9.521514892578125,5.747672080993652
2006-05-26,27.080535888671875,9.61699390411377,5.858504295349121
2006-06-02,27.23748016357422,9.475895881652832,5.710325717926025
2006-06-09,27.111928939819336,8.350288391113281,5.2332611083984375
2006-06-16,27.519977569580078,8.388479232788086,5.25012731552124
2006-06-23,27.26089096069336,8.692952156066895,5.303133010864258
2006-06-30,28.842613220214844,9.474833488464355,5.792248249053955
2006-07-07,28.376005172729492,9.252044677734375,5.630815505981445
2006-07-14,26.66775131225586,9.504539489746094,5.375417709350586
2006-07-21,26.968271255493164,8.977277755737305,5.1730241775512695
2006-07-28,27.65633201599121,9.83659839630127,5.700689315795898
2006-08-04,26.912912368774414,9.936320304870605,5.7946553230285645
2006-08-11,26.754745483398438,9.99997615814209,5.399511337280273
2006-08-18,28.447174072265625,9.820685386657715,5.4356513023376465
2006-08-25,27.687950134277344,9.626542091369629,5.03568696975708
2006-09-01,31.223094940185547,9.620176315307617,5.363369464874268
2006-09-08,33.04206085205078,8.884978294372559,5.221214771270752
2006-09-15,32.19584655761719,8.407575607299805,5.023642063140869
2006-09-22,31.373353958129883,8.133864402770996,4.828480243682861
2006-09-29,31.31144142150879,8.893464088439941,5.194711208343506
2006-10-06,32.96990203857422,8.64521598815918,5.351322650909424
2006-10-13,34.03036880493164,9.125801086425781,5.746468544006348
2006-10-20,33.073551177978516,9.083364486694336,5.8464813232421875
2006-10-27,33.29680252075195,9.44300651550293,6.216757297515869
2006-11-03,32.49148941040039,9.638649940490723,6.443307876586914
2006-11-10,32.98584747314453,10.065635681152344,6.538314342498779
2006-11-17,33.85495376586914,9.67765998840332,6.3458662033081055
2006-11-24,33.84697341918945,9.807710647583008,6.613830089569092
2006-12-01,32.43568801879883,10.17617416381836,6.718581199645996
2006-12-08,33.065582275390625,10.644344329833984,7.127834796905518
2006-12-15,34.65229034423828,10.581488609313965,7.2886128425598145
2006-12-22,32.45639419555664,10.634592056274414,7.1180901527404785
2006-12-29,33.20169448852539,11.16127872467041,7.244763374328613
2007-01-05,31.887405395507812,10.431276321411133,6.701528072357178
2007-01-12,31.598905563354492,10.32085132598877,7.235019683837891
2007-01-19,32.96126937866211,10.341625213623047,7.337332725524902
2007-01-26,32.20795822143555,10.6455659866333,8.038908004760742
2007-02-02,32.9532585144043,10.874067306518555,8.287385940551758
2007-02-09,35.71805953979492,10.42471981048584,8.104681015014648
2007-02-16,36.84801483154297,10.282588958740234,8.745361328125
2007-02-23,36.70377731323242,10.453147888183594,8.93780517578125
2007-03-02,35.66998291015625,9.453859329223633,7.965831756591797
2007-03-09,36.40726852416992,9.869317054748535,8.516372680664062
2007-03-16,35.942447662353516,9.422155380249023,8.638175010681152
2007-03-23,36.34708023071289,10.391921043395996,9.008452415466309
2007-03-30,36.84522247314453,10.879534721374512,9.01088809967041
2007-04-13,37.79325866699219,11.656705856323242,10.048636436462402
2007-04-20,38.20301055908203,11.45528793334961,10.255854606628418
2007-04-27,37.85752487182617,11.270387649536133,9.9979829788208
2007-05-04,38.04232406616211,11.230765342712402,10.776504516601562
2007-05-11,38.02625274658203,11.248373985290527,10.938591957092285
2007-05-18,37.91376876831055,11.819594383239746,11.07366943359375
2007-05-25,38.154788970947266,11.862518310546875,10.653709411621094
2007-06-01,38.8698616027832,12.240035057067871,11.547656059265137
2007-06-08,38.186927795410156,12.056229591369629,10.909124374389648
2007-06-15,41.320316314697266,13.368170738220215,11.530464172363281
2007-06-22,39.23051071166992,13.372575759887695,11.0933198928833
2007-06-29,38.84376525878906,13.347261428833008,10.941048622131348
2007-07-06,39.488346099853516,14.475400924682617,11.795701026916504
2007-07-13,40.33433532714844,15.210615158081055,12.755964279174805
2007-07-20,38.755123138427734,15.380115509033203,12.517740249633789
2007-07-27,35.967342376708984,13.986721992492676,11.577128410339355
2007-08-03,35.70144271850586,13.597100257873535,11.483804702758789
2007-08-10,38.07027053833008,13.273518562316895,11.135066032409668
2007-08-17,34.54121398925781,11.904342651367188,9.848174095153809
2007-08-24,34.04973220825195,13.183558464050293,11.672907829284668
2007-08-31,36.38631057739258,13.752889633178711,12.114970207214355
2007-09-07,35.73367691040039,14.264396667480469,12.446517944335938
2007-09-14,33.68715286254883,14.924911499023438,13.384674072265625
2007-09-21,35.4919548034668,16.257055282592773,14.956453323364258
2007-09-28,36.10383605957031,16.79079818725586,16.665756225585938
2007-10-05,39.40020751953125,17.664621353149414,16.48402214050293
2007-10-12,40.43596649169922,18.843461990356445,17.64320945739746
2007-10-19,39.40842056274414,18.08819007873535,16.415761947631836
2007-10-26,39.416629791259766,20.524316787719727,17.521333694458008
2007-11-02,39.359100341796875,20.9097843170166,17.95566749572754
2007-11-09,38.052066802978516,24.15046501159668,17.62005043029785
2007-11-16,40.14002990722656,23.70448112487793,17.47197914123535
2007-11-23,36.375118255615234,22.586151123046875,16.07027244567871
2007-11-30,35.8243522644043,21.582130432128906,17.067264556884766
2007-12-07,39.12893295288086,23.915145874023438,18.014894485473633
2007-12-14,38.80010223388672,24.054092407226562,16.23808479309082
2007-12-21,37.92205810546875,25.369644165039062,16.435504913330078
2007-12-28,38.19487380981445,26.360218048095703,16.475000381469727
2008-01-04,37.83937454223633,24.627826690673828,15.675424575805664
2008-01-11,37.83937454223633,24.923662185668945,15.793877601623535
2008-01-18,34.79702377319336,21.219419479370117,14.229300498962402
2008-01-25,33.87934494018555,23.524171829223633,13.67651081085205
2008-02-01,36.87209701538086,25.42193031311035,15.611258506774902
2008-02-08,35.15250015258789,25.08690071105957,14.979504585266113
2008-02-15,36.5166130065918,25.734485626220703,15.808686256408691
2008-02-22,37.632694244384766,26.65637969970703,17.585500717163086
2008-02-29,36.640625,26.384305953979492,17.195589065551758
2008-03-07,34.92928695678711,25.109390258789062,16.35653305053711
2008-03-14,34.838348388671875,24.333641052246094,16.692155838012695
2008-03-28,32.970035552978516,22.687711715698242,16.85503387451172
2008-04-04,34.808712005615234,24.913766860961914,18.098796844482422
2008-04-11,35.832984924316406,25.42772674560547,17.806114196777344
2008-04-18,35.44679260253906,28.27581024169922,18.854991912841797
2008-04-25,35.06058883666992,27.78911018371582,18.85002326965332
2008-05-02,35.32923889160156,28.03471565246582,19.83924674987793
2008-05-09,34.1622428894043,29.111757278442383,19.67520523071289
2008-05-16,35.337642669677734,31.838172912597656,21.827648162841797
2008-05-23,31.73587417602539,32.61779022216797,20.38606071472168
2008-05-30,31.50079917907715,31.770570755004883,19.77463150024414
2008-06-06,27.93260383605957,30.675508499145508,18.611412048339844
2008-06-13,26.488542556762695,30.616920471191406,17.184734344482422
2008-06-20,25.606998443603516,29.413700103759766,17.30404281616211
2008-06-27,22.703397750854492,31.198253631591797,17.637100219726562
2008-07-11,22.89794921875,27.80939292907715,15.66360855102539
2008-07-18,24.039888381958008,26.164541244506836,14.480511665344238
2008-07-25,25.596302032470703,23.929330825805664,13.809427261352539
2008-08-01,25.156452178955078,24.54220962524414,14.057977676391602
2008-08-08,24.970355987548828,23.010009765625,12.800315856933594
2008-08-15,27.634878158569336,21.955495834350586,12.596506118774414
2008-08-22,27.91400718688965,23.807653427124023,13.237763404846191
2008-08-29,28.717605590820312,23.767093658447266,13.197997093200684
2008-09-05,27.897098541259766,20.193471908569336,11.691788673400879
2008-09-12,26.21379280090332,20.594539642333984,12.059639930725098
2008-09-19,26.509855270385742,21.324586868286133,11.811090469360352
2008-09-26,24.670530319213867,20.982093811035156,10.384414672851562
2008-10-03,20.484891891479492,16.547739028930664,7.839262962341309
2008-10-10,14.662513732910156,11.761872291564941,5.995022296905518
2008-10-17,16.410079956054688,11.811443328857422,6.104384422302246
2008-10-24,14.253325462341309,9.486108779907227,5.336636066436768
2008-10-31,17.833709716796875,12.117883682250977,6.668254852294922
2008-11-07,14.62841510772705,12.063807487487793,6.480201721191406
2008-11-14,11.934601783752441,9.666366577148438,5.829638957977295
2008-11-21,11.474270820617676,7.841248512268066,5.097757339477539
2008-11-28,13.238885879516602,9.436537742614746,6.068517684936523
2008-12-05,13.520204544067383,8.084596633911133,4.991024971008301
2008-12-12,14.492021560668945,10.391908645629883,6.063436031341553
2008-12-19,13.69921875,10.54512882232666,6.09901237487793
2008-12-26,12.787076950073242,10.162077903747559,5.844886779785156
2009-01-02,14.7562837600708,12.128524780273438,6.703832149505615
2009-01-09,15.583189010620117,12.591053009033203,7.049443244934082
2009-01-16,14.8330078125,11.675338745117188,6.586933135986328
2009-01-23,14.551691055297852,11.48378849029541,6.62251091003418
2009-01-30,12.846747398376465,12.240653038024902,7.171422004699707
2009-02-06,13.724794387817383,13.917901992797852,8.99604320526123
2009-02-13,13.264457702636719,14.001999855041504,8.182841300964355
2009-02-20,11.286724090576172,12.408845901489258,6.912215232849121
2009-02-27,9.215218544006348,12.955470085144043,6.551356315612793
2009-03-06,8.541769027709961,12.483598709106445,6.515780448913574
2009-03-13,9.999491691589355,14.044046401977539,6.8563079833984375
2009-03-20,11.030984878540039,15.076562881469727,7.079937934875488
2009-03-27,11.227052688598633,15.137297630310059,7.156174182891846
2009-04-03,13.315608978271484,16.39873504638672,7.796573162078857
2009-04-17,14.16808032989502,16.075389862060547,8.300195693969727
2009-04-24,14.7562837600708,15.787992477416992,8.475586891174316
2009-05-01,14.278903007507324,16.49941635131836,8.98629093170166
2009-05-08,17.31369972229004,18.845706939697266,9.703336715698242
2009-05-15,14.892681121826172,17.436992645263672,8.96049976348877
2009-05-22,15.429744720458984,19.118968963623047,9.656908988952637
2009-05-29,16.35040283203125,20.744417190551758,9.878728866577148
2009-06-05,15.003500938415527,20.381635665893555,10.059279441833496
2009-06-12,15.063176155090332,20.70671844482422,10.348161697387695
2009-06-19,14.21070384979248,18.98233985900879,9.564055442810059
2009-06-26,14.41529369354248,19.24617576599121,9.213269233703613
2009-07-10,12.923469543457031,17.23001480102539,8.315672874450684
2009-07-17,14.432343482971191,19.021936416625977,9.27517318725586
2009-07-24,15.1143217086792,20.18169593811035,10.007695198059082
2009-07-31,16.614675521850586,19.60181999206543,10.177928924560547
2009-08-07,18.831096649169922,20.2197208404541,10.724740982055664
2009-08-14,18.788480758666992,20.0628662109375,10.683473587036133
2009-08-21,19.13799476623535,21.070531845092773,10.585457801818848
2009-08-28,18.583881378173828,19.711143493652344,10.348161697387695
2009-09-04,18.635032653808594,19.89651107788086,10.4049072265625
2009-09-11,20.195051193237305,20.785341262817383,10.931084632873535
2009-09-18,19.743242263793945,21.450775146484375,11.3798828125
2009-09-25,19.905216217041016,21.042009353637695,11.627496719360352
2009-10-02,19.24028778076172,21.360143661499023,11.823522567749023
2009-10-09,19.837017059326172,22.907699584960938,13.010003089904785
2009-10-16,19.973407745361328,24.05881690979004,13.834961891174316
2009-10-23,20.024555206298828,23.68625831604004,14.027547836303711
2009-10-30,17.26254653930664,22.076608657836914,13.267616271972656
2009-11-06,17.279603958129883,23.409221649169922,14.30862045288086
2009-11-13,17.535341262817383,23.96805763244629,14.45956802368164
2009-11-20,17.467145919799805,23.910747528076172,14.672974586486816
2009-11-27,17.3563232421875,24.51735496520996,15.01650333404541
2009-12-04,17.424524307250977,24.264205932617188,14.68858528137207
2009-12-11,19.13799476623535,23.008005142211914,14.881174087524414
2009-12-18,18.046829223632812,22.238998413085938,14.298210144042969
2010-01-08,19.453840255737305,23.259031295776367,16.385425567626953
2010-01-15,19.46258544921875,21.775943756103516,15.786846160888672
2010-01-22,18.920507431030273,20.17767333984375,14.386696815490723
2010-01-29,18.56202507019043,19.472124099731445,13.423765182495117
2010-02-05,18.098634719848633,18.612987518310547,13.39773941040039
2010-02-12,19.147823333740234,19.620912551879883,14.017138481140137
2010-02-19,19.61121940612793,20.44644546508789,15.000887870788574
2010-02-26,19.200288772583008,20.470441818237305,14.50120735168457
2010-03-05,19.917234420776367,21.574359893798828,15.963817596435547
2010-03-12,20.41560173034668,22.60628318786621,15.630696296691895
2010-03-19,21.473543167114258,21.80473518371582,15.495366096496582
2010-03-26,20.686647415161133,20.69123649597168,16.026283264160156
2010-04-09,20.983919143676758,21.70395278930664,17.671066284179688
2010-04-16,20.878999710083008,20.292856216430664,17.537845611572266
2010-04-23,20.669158935546875,21.054874420166016,16.929840087890625
2010-04-30,21.202869415283203,20.480072021484375,16.04928207397461
2010-05-07,19.318559646606445,17.625423431396484,14.251466751098633
2010-05-14,20.067007064819336,18.18572425842285,14.492570877075195
2010-05-21,19.116043090820312,16.567609786987305,13.470490455627441
2010-05-28,19.17767906188965,17.316259384155273,14.251466751098633
2010-06-04,17.997791290283203,17.53016471862793,13.386631965637207
2010-06-11,19.23931884765625,18.62883949279785,14.167601585388184
2010-06-18,19.76763343811035,18.61425018310547,14.088984489440918
2010-06-25,19.892045974731445,17.554471969604492,14.335331916809082
2010-07-02,18.555879592895508,16.587053298950195,12.993520736694336
2010-07-09,19.007171630859375,17.68086814880371,13.790221214294434
2010-07-16,18.989465713500977,16.776647567749023,12.757658004760742
2010-07-23,21.484825134277344,17.641979217529297,14.52926254272461
2010-07-30,23.334217071533203,17.69544792175293,14.571194648742676
2010-08-06,23.6439208984375,18.75063133239746,15.200164794921875
2010-08-13,22.599775314331055,17.547225952148438,14.544984817504883
2010-08-20,22.51128387451172,16.837900161743164,14.759883880615234
2010-08-27,21.90957260131836,16.529712677001953,14.235739707946777
2010-09-03,23.865148544311523,18.334819793701172,14.759883880615234
2010-09-10,23.81205177307129,17.532548904418945,14.377259254455566
2010-09-17,24.67038345336914,17.3564395904541,14.59739875793457
2010-09-24,25.422531127929688,17.082496643066406,15.745274543762207
2010-10-01,25.183029174804688,17.835851669311523,16.6153564453125
2010-10-08,25.395923614501953,16.965087890625,16.866943359375
2010-10-15,24.189550399780273,16.774301528930664,17.123821258544922
2010-10-22,25.209640502929688,15.605142593383789,16.980857849121094
2010-10-29,25.591068267822266,16.691144943237305,17.01792335510254
2010-11-05,27.693349838256836,17.757051467895508,17.907470703125
2010-11-12,25.591068267822266,16.646310806274414,17.139705657958984
2010-11-19,26.291820526123047,16.508699417114258,17.25619125366211
2010-11-26,25.94588851928711,15.84521198272705,16.83789825439453
2010-12-03,26.398273468017578,16.901880264282227,18.172216415405273
2010-12-10,25.972492218017578,16.513614654541016,17.95512580871582
2010-12-17,26.40714454650879,16.74952507019043,17.965715408325195
2010-12-31,26.51197624206543,18.72905921936035,18.304590225219727
2011-01-07,26.48491859436035,17.927230834960938,18.521684646606445
2011-01-14,29.758338928222656,18.52117156982422,19.24224090576172
2011-01-21,29.262357711791992,17.882680892944336,18.885604858398438
2011-01-28,29.54191017150879,17.526315689086914,18.20427894592285
2011-02-04,30.010831832885742,18.828048706054688,18.31073760986328
2011-02-11,30.569929122924805,17.937129974365234,18.29476547241211
2011-02-18,31.805349349975586,18.808252334594727,18.646080017089844
2011-02-25,30.272350311279297,19.98624038696289,18.241535186767578
2011-03-04,30.443679809570312,20.530681610107422,18.363964080810547
2011-03-11,30.064939498901367,19.51603126525879,17.123727798461914
2011-03-18,30.633060455322266,19.238861083984375,17.107759475708008
2011-03-25,29.577983856201172,20.201080322265625,17.214221954345703
2011-04-01,31.13854217529297,20.593952178955078,17.79973793029785
2011-04-08,30.30527687072754,20.211021423339844,18.060558319091797
2011-04-15,29.263704299926758,18.80360984802246,17.65721893310547
2011-04-29,29.417678833007812,18.564899444580078,17.991188049316406
2011-05-06,30.43207359313965,17.154481887817383,16.709182739257812
2011-05-13,29.98827362060547,16.62224578857422,15.992761611938477
2011-05-20,29.52635955810547,17.039812088012695,16.380598068237305
2011-05-27,28.946699142456055,17.37688636779785,17.172422409057617
2011-06-03,28.584413528442383,17.13037109375,17.07546615600586
2011-06-10,27.624357223510742,16.707773208618164,16.65531349182129
2011-06-17,28.711217880249023,16.45119285583496,16.084335327148438
2011-06-24,27.492258071899414,16.033628463745117,16.515260696411133
2011-07-01,28.469228744506836,17.15552520751953,18.00734519958496
2011-07-08,27.72965431213379,16.96938133239746,17.84575080871582
2011-07-15,26.725290298461914,16.481380462646484,17.47407341003418
2011-07-22,27.090505599975586,16.7530460357666,17.98041534423828
2011-07-29,26.953554153442383,17.09012794494629,17.47407341003418
2011-08-05,22.662160873413086,14.740571975708008,15.071656227111816
2011-08-12,21.794757843017578,14.350127220153809,14.61303997039795
2011-08-19,20.507341384887695,13.777135848999023,14.10667610168457
2011-08-26,21.466054916381836,14.000249862670898,14.822196006774902
2011-09-02,22.443037033081055,14.121947288513184,15.003827095031738
2011-09-09,21.64866065979004,13.457682609558105,14.684596061706543
2011-09-16,24.095664978027344,13.37654972076416,14.937779426574707
2011-09-23,23.00912857055664,11.708284378051758,13.20402717590332
2011-09-30,23.359943389892578,11.383759498596191,12.549052238464355
2011-10-07,23.811120986938477,11.444608688354492,12.857275009155273
2011-10-14,25.496131896972656,12.595658302307129,13.991096496582031
2011-10-21,25.928890228271484,12.13929271697998,12.847179412841797
2011-10-28,26.877286911010742,14.015460968017578,14.993073463439941
2011-11-04,24.814760208129883,13.95968246459961,14.711458206176758
2011-11-11,24.87921142578125,13.939399719238281,14.638239860534668
2011-11-18,23.24944496154785,13.629974365234375,13.968002319335938
2011-11-25,21.90512466430664,12.48434066772461,12.334644317626953
2011-12-02,23.415189743041992,14.085162162780762,13.235808372497559
2011-12-09,22.77065086364746,14.003328323364258,12.84154987335205
2011-12-16,21.702552795410156,12.525256156921387,11.87843132019043
2011-12-23,22.614120483398438,13.16456127166748,12.464188575744629
2011-12-30,23.221824645996094,12.709376335144043,12.081193923950195
2012-01-06,23.930824279785156,13.253660202026367,12.593730926513672
2012-01-13,24.28071403503418,14.631132125854492,12.734537124633789
2012-01-20,25.597414016723633,15.384359359741211,13.635699272155762
2012-01-27,25.26594352722168,16.04987907409668,13.922944068908691
2012-02-03,26.039382934570312,16.101465225219727,14.987443923950195
2012-02-10,26.26957893371582,15.255379676818848,14.503067016601562
2012-02-17,28.129533767700195,15.126399993896484,14.058115005493164
2012-02-24,28.27685546875,15.518491744995117,14.469273567199707
2012-03-02,27.86250877380371,15.745490074157715,14.463640213012695
2012-03-09,26.987781524658203,14.409294128417969,12.993618965148926
2012-03-16,28.433387756347656,14.347381591796875,13.382245063781738
2012-03-23,28.912187576293945,13.977089881896973,12.869711875915527
2012-03-30,29.446237564086914,13.7697172164917,13.140057563781738
2012-04-13,31.886266708374023,12.701733589172363,13.43293571472168
2012-04-20,31.840234756469727,12.437329292297363,13.270662307739258
2012-04-27,32.24538040161133,12.271429061889648,12.987692832946777
2012-05-04,30.8918399810791,11.483403205871582,12.439082145690918
2012-05-11,29.179214477539062,10.835355758666992,11.543973922729492
2012-05-18,27.098268508911133,10.279736518859863,10.45252513885498
2012-05-25,26.444522857666016,10.159292221069336,10.55069637298584
2012-06-01,25.14623260498047,10.033609390258789,10.429423332214355
2012-06-08,25.219900131225586,10.216896057128906,10.879864692687988
2012-06-15,24.612192153930664,9.693221092224121,11.20903205871582
2012-06-22,24.04131317138672,10.264028549194336,11.06466007232666
2012-06-29,24.600141525268555,9.829376220703125,11.463125228881836
2012-07-06,24.349782943725586,10.211661338806152,11.503549575805664
2012-07-13,22.64362907409668,10.37923526763916,11.341852188110352
2012-07-20,23.682153701782227,10.253554344177246,11.018461227416992
2012-07-27,23.524518966674805,10.719624519348145,10.619994163513184
2012-08-03,22.856895446777344,10.646309852600098,10.55647087097168
2012-08-10,24.210691452026367,11.510374069213867,11.093536376953125
2012-08-17,25.249217987060547,11.667475700378418,10.285053253173828
2012-08-24,24.692861557006836,11.379453659057617,9.8230619430542
2012-08-31,24.989587783813477,11.070487022399902,9.453470230102539
2012-09-07,25.323400497436523,11.588924407958984,10.412099838256836
2012-09-14,26.334108352661133,12.662458419799805,11.180158615112305
2012-09-21,25.04522705078125,12.170205116271973,10.764365196228027
2012-09-28,24.813602447509766,12.013102531433105,10.337024688720703
2012-10-05,24.70174217224121,11.918840408325195,10.227302551269531
2012-10-12,25.78302764892578,11.892654418945312,10.510274887084961
2012-10-19,26.071990966796875,11.939785957336426,10.797110557556152
2012-10-26,25.876239776611328,11.730318069458008,10.89846420288086
2012-11-02,25.661848068237305,11.232826232910156,11.059435844421387
2012-11-09,25.540674209594727,10.897674560546875,10.791150093078613
2012-11-16,24.561922073364258,9.955060005187988,10.200913429260254
2012-11-23,25.307636260986328,9.834614753723145,10.445355415344238
2012-11-30,23.238283157348633,9.410439491271973,10.39169692993164
2012-12-07,24.151777267456055,9.818903923034668,10.719605445861816
2012-12-14,22.97728157043457,10.216896057128906,11.745061874389648
2012-12-21,25.917505264282227,10.457786560058594,11.983543395996094
2012-12-28,26.347902297973633,9.986481666564941,12.233943939208984
2013-01-04,26.226268768310547,10.667257308959961,12.56185245513916
2013-01-11,25.55260467529297,10.405418395996094,12.114704132080078
2013-01-18,25.94557762145996,10.227370262145996,11.935844421386719
2013-01-25,29.9407958984375,10.373997688293457,11.655632972717285
2013-02-01,30.86708641052246,9.777008056640625,12.233943939208984
2013-02-08,30.839019775390625,8.473058700561523,11.834490776062012
2013-02-15,30.923236846923828,8.357850074768066,11.631784439086914
2013-02-22,31.37234878540039,7.991279125213623,10.785188674926758
2013-03-01,31.821453094482422,7.734678268432617,11.059435844421387
2013-03-08,32.42963409423828,9.001972198486328,11.107133865356445
2013-03-15,32.588687896728516,9.326647758483887,10.463241577148438
2013-03-22,32.637794494628906,8.823922157287598,10.230722427368164
2013-04-05,32.525238037109375,8.572559356689453,10.332074165344238
2013-04-12,33.406837463378906,8.687767028808594,10.415544509887695
2013-04-19,31.737442016601562,8.651108741760254,9.80929183959961
2013-04-26,30.752683639526367,9.44185733795166,10.225668907165527
2013-05-03,32.91914367675781,10.086126327514648,10.317516326904297
2013-05-10,33.243160247802734,10.022392272949219,10.384867668151855
2013-05-17,34.784969329833984,9.948031425476074,9.558243751525879
2013-05-24,34.136287689208984,9.666534423828125,9.4970121383667
2013-05-31,34.09868240356445,9.438149452209473,8.817341804504395
2013-06-07,34.24909973144531,8.84328556060791,8.884696960449219
2013-06-14,33.130332946777344,8.306848526000977,8.652017593383789
2013-06-21,34.66276168823242,7.3295698165893555,8.358105659484863
2013-06-28,34.75389862060547,7.122431755065918,8.051948547363281
2013-07-05,34.6973876953125,6.506322860717773,7.733543872833252
2013-07-12,35.58294677734375,6.9312238693237305,8.13767147064209
2013-07-19,36.56272888183594,7.414551734924316,8.462199211120605
2013-07-26,33.25597381591797,7.680115699768066,8.811219215393066
2013-08-02,32.068931579589844,7.499532222747803,8.419336318969727
2013-08-09,31.720352172851562,7.5845112800598145,9.4970121383667
2013-08-16,30.54273796081543,7.664181232452393,9.411287307739258
2013-08-23,31.776880264282227,7.956302165985107,9.411287307739258
2013-08-30,31.042051315307617,7.180854797363281,8.823466300964355
2013-09-06,32.59650421142578,7.791651725769043,9.564367294311523
2013-09-13,31.108001708984375,8.020037651062012,9.821541786193848
2013-09-20,31.588464736938477,8.466185569763184,9.90726375579834
2013-09-27,31.46986198425293,8.179375648498535,9.552122116088867
2013-10-04,32.08358383178711,8.338714599609375,9.558243751525879
2013-10-11,33.35823440551758,8.290912628173828,9.4970121383667
2013-10-18,30.657852172851562,8.248421669006348,10.130122184753418
2013-10-25,30.808916091918945,8.450251579284668,10.11125659942627
2013-11-01,28.061328887939453,9.013246536254883,10.299898147583008
2013-11-08,29.156585693359375,8.646768569946289,10.048373222351074
2013-11-15,29.20379638671875,9.172586441040039,9.9163236618042
2013-11-22,29.477609634399414,9.294745445251465,9.721393585205078
2013-11-29,29.27933120727539,8.466185569763184,9.633359909057617
2013-12-06,28.429563522338867,7.382684230804443,9.58934497833252
2013-12-13,29.789194107055664,7.271145820617676,9.22463321685791
2013-12-20,29.70235252380371,7.085251331329346,9.07371997833252
2013-12-27,30.641521453857422,7.260523796081543,9.576766967773438
2014-01-03,30.859708786010742,6.968404293060303,9.010839462280273
2014-01-10,30.869197845458984,6.819688320159912,8.627264976501465
2014-01-17,32.13090896606445,6.628480911254883,8.671282768249512
2014-01-24,30.34743881225586,6.246069431304932,8.111640930175781
2014-01-31,29.114185333251953,5.953948497772217,8.551809310913086
2014-02-07,30.69843864440918,6.022995471954346,9.042279243469238
2014-02-14,31.789392471313477,6.113287448883057,9.218345642089844
2014-02-21,31.67555046081543,6.070797443389893,9.262364387512207
2014-02-28,34.05668640136719,5.948637962341309,8.91023063659668
2014-03-07,33.022647857666016,5.7892985343933105,8.199674606323242
2014-03-14,31.495309829711914,5.507800102233887,7.8538312911987305
2014-03-21,32.187828063964844,6.155776500701904,8.199674606323242
2014-03-28,33.78091812133789,7.000270843505859,8.602112770080566
2014-04-04,33.50510787963867,7.305920600891113,9.105159759521484
2014-04-11,32.94400405883789,7.701132297515869,9.281228065490723
2014-04-25,32.48750305175781,7.410212993621826,8.734773635864258
2014-05-02,33.318721771240234,8.01949691772461,8.773567199707031
2014-05-09,32.69834518432617,8.288460731506348,8.553742408752441
2014-05-16,32.18296432495117,8.387264251708984,8.877013206481934
2014-05-23,33.356895446777344,8.184168815612793,8.521414756774902
2014-05-30,34.58809280395508,7.739555358886719,8.243403434753418
2014-06-06,35.06529998779297,8.101834297180176,8.463228225708008
2014-06-13,34.69308090209961,8.711115837097168,8.282194137573242
2014-06-20,34.521297454833984,8.650737762451172,8.314521789550781
2014-06-27,34.30984878540039,8.030475616455078,8.592534065246582
2014-07-11,36.62525177001953,8.337862014770508,8.961063385009766
2014-07-18,36.768760681152344,9.375290870666504,9.103303909301758
2014-07-25,37.4097900390625,9.43567180633545,9.413642883300781
2014-08-01,36.797454833984375,8.683671951293945,9.058045387268066
2014-08-08,36.56783676147461,8.749539375305176,8.941667556762695
2014-08-15,36.93141174316406,9.062416076660156,8.864081382751465
2014-08-22,37.610721588134766,9.441160202026367,8.883478164672852
2014-08-29,37.074920654296875,10.742063522338867,8.443830490112305
2014-09-05,37.59157943725586,10.637772560119629,8.198145866394043
2014-09-12,37.74466323852539,8.991058349609375,7.952460289001465
2014-09-19,38.0125617980957,9.210619926452637,7.758495807647705
2014-09-26,37.32235336303711,9.0349702835083,7.234798908233643
2014-10-03,36.56477737426758,7.668199062347412,7.124886512756348
2014-10-10,34.905799865722656,8.57388973236084,7.04730224609375
2014-10-17,34.88662338256836,8.195146560668945,7.163186073303223
2014-10-24,35.375694274902344,7.097337245941162,7.307233810424805
2014-10-31,37.05384826660156,6.422184944152832,6.606630325317383
2014-11-07,36.01818084716797,5.983059883117676,6.1744818687438965
2014-11-14,35.25102996826172,5.461601257324219,5.8078107833862305
2014-11-21,36.420936584472656,5.950125217437744,6.1613874435424805
2014-11-28,35.41404342651367,5.335353851318359,5.899478435516357
2014-12-05,34.46468734741211,4.841339588165283,5.486974239349365
2014-12-12,33.78382873535156,3.90271258354187,4.707797050476074
2014-12-19,35.027435302734375,3.90271258354187,5.329829692840576
2014-12-26,35.62519454956055,4.056405544281006,5.342924118041992
2015-01-02,35.711978912353516,3.7105956077575684,5.1988749504089355
2015-01-09,33.23412322998047,3.8752667903900146,5.598284721374512
2015-01-16,31.546865463256836,3.8752667903900146,5.50661563873291
2015-01-23,33.937950134277344,3.9795584678649902,5.1399455070495605
2015-01-30,33.99578857421875,3.298917055130005,4.603033542633057
2015-02-06,34.23683547973633,3.589836597442627,4.812559127807617
2015-02-13,34.863525390625,3.831354856491089,5.270899295806885
2015-02-20,35.47093963623047,3.6557044982910156,5.126850128173828
2015-02-27,33.735477447509766,3.639237642288208,4.858394622802734
2015-03-06,31.87467384338379,3.2714715003967285,4.2036237716674805
2015-03-13,29.608930587768555,2.750012159347534,3.8107619285583496
2015-03-20,30.79084014892578,3.0683765411376953,4.098860740661621
2015-03-27,29.16823959350586,3.128756523132324,3.7125463485717773
2015-04-10,30.481779098510742,4.254011154174805,3.954810857772827
2015-04-17,29.457990646362305,4.8248724937438965,3.969113826751709
2015-04-24,29.631839752197266,5.483556747436523,5.355260848999023
2015-05-01,29.766019821166992,5.231060981750488,5.4566850662231445
2015-05-08,30.239728927612305,5.3463311195373535,5.159172058105469
2015-05-15,29.97869873046875,5.560403823852539,4.814325332641602
2015-05-22,31.56416893005371,5.022477149963379,4.442431926727295
2015-05-29,29.118301391601562,4.5833539962768555,4.259865760803223
2015-06-05,29.02162742614746,4.720580101013184,4.401861667633057
2015-06-12,29.737022399902344,4.99503231048584,4.604712963104248
2015-06-19,30.491071701049805,5.159703254699707,4.401861667633057
2015-06-26,29.63182258605957,5.165192127227783,4.212534427642822
2015-07-10,28.8087158203125,4.5998215675354,3.6715986728668213
2015-07-17,29.476882934570312,4.363791465759277,3.6918840408325195
2015-07-24,27.520795822143555,3.6502158641815186,3.4146547317504883
2015-07-31,26.968828201293945,3.7325520515441895,3.556650400161743
2015-08-07,27.017248153686523,3.320873498916626,3.570173501968384
2015-08-14,26.2135066986084,3.2879390716552734,3.5363659858703613
2015-08-21,24.90989875793457,2.892727851867676,3.2118043899536133
2015-08-28,24.75469398498535,3.172668695449829,3.265897512435913
2015-09-04,23.871986389160156,2.832348108291626,3.1982812881469727
2015-09-11,23.716785430908203,2.503004789352417,3.3673226833343506
2015-09-18,25.462800979614258,2.4481146335601807,3.3673226833343506
2015-09-25,24.647993087768555,2.2395308017730713,3.0562849044799805
2015-10-02,24.900197982788086,2.546917676925659,3.02923846244812
2015-10-09,27.26702308654785,3.1122894287109375,3.70540714263916
2015-10-16,26.7335147857666,2.788435697555542,3.302927255630493
2015-10-23,27.228221893310547,2.7335445880889893,3.2615551948547363
2015-10-30,28.489234924316406,2.678654909133911,3.006422758102417
2015-11-06,29.022748947143555,2.7774579524993896,2.854722023010254
2015-11-13,28.69293785095215,2.5084941387176514,2.737499475479126
2015-11-20,30.671764373779297,2.8213694095611572,2.620276689529419
2015-11-27,29.963653564453125,2.70609974861145,2.4616806507110596
2015-12-04,31.03066635131836,2.629253387451172,2.2617127895355225
2015-12-11,29.148845672607422,2.459092855453491,2.1720714569091797
2015-12-18,27.703529357910156,2.387734889984131,2.2065486907958984
2016-01-08,26.97768211364746,2.058392286300659,1.7928208112716675
2016-01-15,25.773059844970703,1.7949182987213135,1.6342251300811768
2016-01-22,26.404516220092773,1.663181185722351,1.5652705430984497
2016-01-29,27.958864212036133,1.904699444770813,1.6893887519836426
2016-02-05,27.61884880065918,1.7784512042999268,1.7997164726257324
2016-02-12,27.48284339904785,1.7125823497772217,1.8135071992874146
2016-02-19,28.328022003173828,1.7290496826171875,2.027266502380371
2016-02-26,28.813756942749023,1.8552978038787842,1.8686710596084595
2016-03-04,23.97584342956543,2.8872387409210205,3.0202136039733887
2016-03-11,24.267282485961914,3.0354433059692383,2.640962839126587
2016-03-18,24.41300392150879,3.057399034500122,2.8754091262817383
2016-04-01,25.427467346191406,3.2220699787139893,2.9788413047790527
2016-04-08,23.880216598510742,3.1562018394470215,3.0891685485839844
2016-04-15,24.434892654418945,3.6886394023895264,3.647700786590576
2016-04-22,23.58828353881836,3.952113389968872,3.737342119216919
2016-04-29,22.478931427001953,4.232054710388184,3.909728527069092
2016-05-06,21.252809524536133,4.023470878601074,3.2960317134857178
2016-05-13,20.435396194458008,3.7764642238616943,2.8478269577026367
2016-05-20,20.90248680114746,3.5404345989227295,2.7443950176239014
2016-05-27,20.513246536254883,3.2056031227111816,2.7443950176239014
2016-06-03,20.552167892456055,3.342829704284668,3.178809642791748
2016-06-10,19.95856475830078,3.551412582397461,3.0408999919891357
2016-06-17,20.445127487182617,3.633748769760132,3.0753772258758545
2016-06-24,20.812698364257812,3.6996171474456787,3.137436628341675
2016-07-01,21.222326278686523,4.100317478179932,3.558058977127075
2016-07-08,21.05652618408203,4.100317478179932,3.413254737854004
2016-07-15,20.793197631835938,4.462594985961914,3.6959686279296875
2016-07-22,20.77368927001953,4.643733978271484,3.661492109298706
2016-07-29,17.818559646606445,4.764492034912109,3.9648921489715576
2016-08-05,17.964853286743164,4.588842391967773,4.151069641113281
2016-08-12,18.35496711730957,4.791937351226807,3.8890416622161865
2016-08-19,17.55522918701172,5.176170825958252,4.1165924072265625
2016-08-26,16.823760986328125,5.000521659851074,3.758028507232666
2016-09-02,18.052629470825195,5.258506774902344,3.8614602088928223
2016-09-09,18.667062759399414,5.220083713531494,3.5787463188171387
2016-09-16,18.25743865966797,4.99503231048584,3.468419313430786
2016-09-23,18.11114501953125,5.038944721221924,3.737342119216919
2016-09-30,16.856054306030273,5.121279716491699,3.7925050258636475
2016-10-07,17.549436569213867,5.779966354370117,3.840773820877075
2016-10-14,17.97913932800293,6.114798069000244,3.8476693630218506
2016-10-21,19.375669479370117,6.680169582366943,4.316560745239258
2016-10-28,19.53192710876465,6.51549768447876,4.757870674133301
2016-11-04,20.9382266998291,5.834856986999512,4.599276065826416
2016-11-11,20.33273696899414,5.340841770172119,5.3026123046875
2016-11-18,20.264373779296875,5.296930313110352,4.992316246032715
2016-11-25,19.21941375732422,5.598827362060547,5.805981159210205
2016-12-02,19.08269500732422,5.862301826477051,5.854714870452881
2016-12-09,18.574859619140625,5.950125217437744,6.090569019317627
2016-12-16,17.80335235595703,5.6043171882629395,5.667418956756592
2016-12-23,18.29164695739746,5.549426078796387,5.348323822021484
2016-12-30,18.799480438232422,5.549426078796387,5.285892009735107
2017-01-06,20.00069236755371,5.9665937423706055,5.542555809020996
2017-01-13,20.39133071899414,6.213601112365723,6.645517826080322
2017-01-20,22.11014175415039,6.147731781005859,6.957676887512207
2017-01-27,22.617969512939453,5.9226813316345215,7.401636600494385
2017-02-03,22.481245040893555,5.670185565948486,6.749569892883301
2017-02-10,22.783994674682617,5.719586372375488,7.25596284866333
2017-02-17,22.832820892333984,5.911703586578369,7.609741687774658
2017-02-24,22.471481323242188,5.609805583953857,7.29758358001709
2017-03-03,22.832820892333984,5.6043171882629395,7.061729907989502
2017-03-10,23.242990493774414,5.1487250328063965,6.569211959838867
2017-03-17,23.22346305847168,4.890740394592285,7.027044773101807
2017-03-24,22.282257080078125,4.973076343536377,6.4512858390808105
2017-03-31,21.607040405273438,5.3188862800598145,6.590023517608643
2017-04-07,21.499391555786133,5.357309818267822,6.402726650238037
2017-04-21,19.268230438232422,4.9456305503845215,6.153000831604004
2017-04-28,18.91425323486328,4.9456305503845215,6.151566028594971
2017-05-05,18.520204544067383,5.1157917976379395,5.85761022567749
2017-05-12,19.988033294677734,5.620783805847168,5.922137260437012
2017-05-19,18.39214324951172,4.918185710906982,6.03685188293457
2017-05-26,19.830411911010742,4.912696361541748,6.115718364715576
2017-06-02,19.702348709106445,4.6547112464904785,5.886289596557617
2017-06-09,18.63842010498047,4.616287708282471,5.957985877990723
2017-06-16,18.52873992919922,4.435149669647217,5.6496901512146
2017-06-23,18.72627067565918,4.254011154174805,5.85761022567749
2017-06-30,18.00527000427246,4.385747909545898,6.2734503746032715
2017-07-07,18.558366775512695,4.24852180480957,6.287789344787598
2017-07-14,19.1213436126709,4.687645435333252,6.631933212280273
2017-07-21,19.526287078857422,4.6547112464904785,6.467031478881836
2017-07-28,19.77320671081543,4.764492034912109,6.93305778503418
2017-08-04,20.316425323486328,4.863295078277588,7.148149013519287
2017-08-11,20.563343048095703,4.6547112464904785,6.947397232055664
2017-08-18,20.770755767822266,4.879762649536133,7.19116735458374
2017-08-25,21.363357543945312,5.0334553718566895,7.6571946144104
2017-09-01,22.528812408447266,5.099323749542236,8.101713180541992
2017-09-08,23.269563674926758,5.379265785217285,7.965489864349365
2017-09-15,23.555992126464844,5.532958984375,7.779078960418701
2017-09-22,22.825939178466797,5.675673961639404,7.284371852874756
2017-09-29,22.380504608154297,5.511003017425537,7.219844341278076
2017-10-06,22.4794921875,5.664696216583252,7.2628631591796875
2017-10-13,21.826190948486328,5.758009910583496,7.492292404174805
2017-10-20,20.183040618896484,5.6811628341674805,7.370406150817871
2017-10-27,19.034812927246094,5.889745712280273,7.176827430725098
2017-11-03,19.658418655395508,5.867790222167969,7.234184741973877
2017-11-10,18.92593002319336,5.878767967224121,7.219844341278076
2017-11-17,18.58938217163086,5.56589412689209,7.248524188995361
2017-11-24,19.193187713623047,5.664696216583252,7.872284889221191
2017-12-01,18.75765609741211,5.4121994972229,7.814927101135254
2017-12-08,19.747509002685547,5.324375152587891,7.728891372680664
2017-12-15,19.32187271118164,5.176170825958252,8.008506774902344
2017-12-22,23.855382919311523,5.483556747436523,8.637264251708984
2017-12-29,23.788818359375,5.648228645324707,8.86189079284668
2018-01-05,25.608022689819336,6.0818634033203125,9.485048294067383
2018-01-12,25.200443267822266,6.295936584472656,9.803873062133789
2018-01-19,24.534395217895508,6.674680233001709,9.680691719055176
2018-01-26,25.349557876586914,7.591351509094238,9.499541282653809
2018-02-02,26.323774337768555,7.311408996582031,9.086516380310059
2018-02-09,26.16472053527832,6.773483753204346,9.354619979858398
2018-02-16,27.089231491088867,6.998533725738525,10.231390953063965
2018-02-23,27.665809631347656,7.651729583740234,10.289358139038086
2018-03-02,26.214426040649414,7.794445514678955,9.70242977142334
2018-03-09,27.0196475982666,8.074387550354004,9.445544242858887
2018-03-16,25.240203857421875,7.739555358886719,9.379593849182129
2018-03-23,25.384492874145508,7.854825496673584,9.16708755493164
2018-04-06,25.5238037109375,7.640752792358398,9.27700424194336
2018-04-13,26.787555694580078,7.607817649841309,9.614083290100098
2018-04-20,27.354751586914062,7.849337100982666,10.258930206298828
2018-04-27,25.902738571166992,7.7615132331848145,10.222291946411133
2018-05-04,24.93450164794922,7.514503479003906,10.317553520202637
2018-05-11,24.814722061157227,8.886767387390137,10.705926895141602
2018-05-18,24.275705337524414,8.881277084350586,10.683943748474121
2018-05-25,25.343753814697266,6.933897972106934,10.280914306640625
2018-06-01,24.115997314453125,5.570212364196777,10.280914306640625
2018-06-08,24.475339889526367,5.377758502960205,10.075736045837402
2018-06-15,25.633228302001953,5.19080114364624,9.650723457336426
2018-06-22,25.57333755493164,5.185302734375,9.386921882629395
2018-06-29,24.875469207763672,5.515225887298584,9.394248962402344
2018-07-06,23.416908264160156,5.729677677154541,9.54813289642334
2018-07-13,21.478816986083984,5.878142356872559,9.628738403320312
2018-07-20,21.76853370666504,6.235559940338135,9.47485637664795
2018-07-27,20.86941909790039,6.548986911773682,10.581355094909668
2018-08-03,20.160118103027344,6.889908790588379,10.701519966125488
2018-08-10,18.841421127319336,6.345534324645996,10.09819507598877
2018-08-17,19.66061019897461,5.902998924255371,9.804072380065918
2018-08-24,19.09117317199707,5.682533264160156,9.969985961914062
2018-08-31,19.17109489440918,5.991185665130615,9.954903602600098
2018-09-07,19.231035232543945,6.084884166717529,9.811613082885742
2018-09-14,18.391862869262695,5.836859226226807,9.9926118850708
2018-09-21,18.921340942382812,6.338420867919922,11.35763931274414
2018-09-28,19.581087112426758,6.652585983276367,11.19172477722168
2018-10-05,19.890945434570312,7.666732311248779,11.31993293762207
2018-10-12,19.20125961303711,8.460413932800293,11.508471488952637
2018-10-19,19.99090003967285,8.537575721740723,11.508471488952637
2018-10-26,21.330291748046875,8.950953483581543,11.365181922912598
2018-11-02,23.029518127441406,8.890323638916016,11.651762962341309
2018-11-09,21.870044708251953,8.23443603515625,11.010725975036621
2018-11-16,21.680131912231445,8.19034194946289,11.289764404296875
2018-11-23,21.610164642333984,7.672986030578613,10.000152587890625
2018-11-30,22.439786911010742,8.054699897766113,10.331982612609863
2018-12-07,21.050418853759766,7.877673149108887,9.90965461730957
2018-12-14,21.11039161682129,7.412979602813721,9.773905754089355
2018-12-21,21.570180892944336,6.84870719909668,9.728654861450195
2018-12-28,21.989999771118164,7.222964286804199,9.819154739379883
2019-01-04,22.139999389648438,8.181962013244629,10.57331371307373
2019-01-11,23.229999542236328,8.475757598876953,10.64118766784668
2019-01-18,21.020000457763672,8.536733627319336,11.018268585205078
2019-01-25,20.700000762939453,8.769553184509277,10.301816940307617
2019-02-01,20.969999313354492,9.107697486877441,9.479783058166504
2019-02-08,20.059999465942383,8.697491645812988,8.589875221252441
2019-02-15,20.799999237060547,9.28508472442627,9.298785209655762
2019-02-22,20.850000381469727,9.2185640335083,9.42699146270752
2019-03-01,20.239999771118164,8.586624145507812,9.344035148620605
2019-03-08,19.899999618530273,8.303914070129395,9.494865417480469
2019-03-15,20.40999984741211,9.196391105651855,9.954903602600098
2019-03-22,19.18000030517578,8.769553184509277,9.668322563171387
2019-03-29,19.010000228881836,8.824987411499023,9.849321365356445
2019-04-05,20.010000228881836,9.146501541137695,10.09819507598877
2019-04-12,19.1299991607666,8.281740188598633,9.985069274902344
2019-04-26,19.690000534057617,8.52564811706543,9.668322563171387
2019-05-03,19.959999084472656,8.320544242858887,9.645698547363281
2019-05-10,19.56999969482422,8.209678649902344,9.404367446899414
2019-05-17,17.690000534057617,7.46132755279541,8.740707397460938
2019-05-24,18.40999984741211,7.844474792480469,9.064995765686035
2019-05-31,19.229999542236328,8.028068542480469,9.404367446899414
2019-06-07,19.079999923706055,8.556597709655762,9.449615478515625
2019-06-14,19.200000762939453,8.567723274230957,9.894571304321289
2019-06-21,20.040000915527344,9.246466636657715,10.203775405883789
2019-06-28,20.1299991607666,8.66230297088623,10.13590145111084
2019-07-05,20.389999389648438,8.72350025177002,9.894571304321289
2019-07-12,20.579999923706055,9.363298416137695,10.40739917755127
2019-07-19,20.579999923706055,8.895967483520508,10.588397979736328
2019-07-26,20.610000610351562,8.384129524230957,10.007695198059082
2019-08-02,19.920000076293945,8.31736946105957,9.261076927185059
2019-08-09,19.829999923706055,8.072576522827148,8.710541725158691
2019-08-16,18.09000015258789,7.3604536056518555,8.205253601074219
2019-08-23,17.190000534057617,7.215804100036621,7.8885064125061035
2019-08-30,17.530000686645508,7.538483619689941,8.295751571655273
2019-09-06,17.739999771118164,7.955743789672852,8.552166938781738
2019-09-13,19.040000915527344,8.089266777038574,9.16303539276123
2019-09-20,18.709999084472656,8.089266777038574,8.733163833618164
2019-09-27,17.3700008392334,8.122648239135742,8.620041847229004
2019-10-04,17.450000762939453,7.894545555114746,8.635124206542969
2019-10-11,16.860000610351562,8.011377334594727,8.906621932983398
2019-10-18,17.020000457763672,8.08370304107666,8.408875465393066
2019-10-25,17.690000534057617,8.818079948425293,9.080079078674316
2019-11-01,17.760000228881836,9.14632511138916,9.155494689941406
2019-11-08,17.31999969482422,8.801387786865234,8.876456260681152
2019-11-15,16.790000915527344,8.64345932006836,8.64266586303711
2019-11-22,17.139999389648438,8.53709602355957,8.966955184936523
2019-11-29,17.020000457763672,8.245994567871094,8.868913650512695
2019-12-06,17.950000762939453,8.682645797729492,9.344035148620605
2019-12-13,18.489999771118164,8.570685386657715,9.849321365356445
2019-12-20,18.809999465942383,8.710637092590332,10.007695198059082
2019-12-27,19.3700008392334,8.912168502807617,10.2332124710083
2020-01-03,20.049999237060547,8.95135498046875,10.287398338317871
2020-01-10,19.690000534057617,8.75542163848877,10.039694786071777
2020-01-17,18.760000228881836,8.486712455749512,10.550582885742188
2020-01-24,17.829999923706055,8.268387794494629,9.939066886901855
2020-01-31,16.84000015258789,7.898911476135254,9.07984733581543
2020-02-07,17.139999389648438,8.162022590637207,9.319809913635254
2020-02-14,17.43000030517578,8.195612907409668,9.188217163085938
2020-02-21,17.799999237060547,7.854127407073975,8.839885711669922
2020-02-28,15.239999771118164,6.773695468902588,7.601372241973877
2020-03-06,13.829999923706055,5.889196872711182,7.37689208984375
2020-03-13,9.949999809265137,3.683546304702759,6.7344136238098145
2020-03-20,6.769999980926514,2.715076208114624,5.403012752532959
2020-03-27,7.170000076293945,2.9054112434387207,6.068713188171387
2020-04-03,6.389999866485596,3.2245028018951416,5.867455005645752
2020-04-17,7.159999847412109,3.610772132873535,6.471229076385498
2020-04-24,5.820000171661377,3.1685218811035156,5.937121391296387
2020-05-01,5.809999942779541,3.6779487133026123,6.1770830154418945
2020-05-08,5.309999942779541,3.8402938842773438,6.595081806182861
2020-05-15,4.340000152587891,3.4148383140563965,6.40156364440918
2020-05-22,4.650000095367432,3.9522552490234375,6.95115327835083
2020-05-29,5.489999771118164,4.271346569061279,7.554929256439209
2020-06-05,7.289999961853027,5.2006306648254395,8.54573917388916
2020-06-12,7.079999923706055,4.747185230255127,8.22836971282959
2020-06-19,6.570000171661377,4.707997798919678,7.980668544769287
2020-06-26,5.679999828338623,4.495270252227783,7.887778282165527
2020-07-10,6.059999942779541,4.870343208312988,8.352221488952637
2020-07-17,6.179999828338623,4.915127754211426,8.754737854003906
2020-07-24,6.099999904632568,5.0858635902404785,8.716035842895508
2020-07-31,5.78000020980835,4.899381637573242,9.010181427001953
2020-08-07,5.510000228881836,4.871126651763916,8.638627052307129
2020-08-14,5.670000076293945,4.865475654602051,8.770219802856445
2020-08-21,5.119999885559082,4.662041664123535,8.576701164245605
2020-08-28,5.539999961853027,4.803315162658691,8.746996879577637
2020-09-04,5.53000020980835,4.9784955978393555,8.80892276763916
2020-09-11,5.070000171661377,4.678994178771973,9.033403396606445
2020-09-18,4.920000076293945,4.639437675476074,8.909552574157715
2020-09-25,4.360000133514404,4.215615272521973,8.669487953186035
2020-10-02,4.559999942779541,3.8652563095092773,8.386963844299316
2020-10-09,4.800000190734863,4.096945762634277,9.032734870910645
2020-10-16,4.510000228881836,3.8765578269958496,8.952013969421387
2020-10-23,4.989999771118164,4.136502742767334,9.12960147857666
2020-10-30,4.119999885559082,3.7465860843658447,8.532261848449707
2020-11-06,4.769999980926514,4.164757251739502,9.500920295715332
2020-11-13,5.460000038146973,4.820268154144287,9.428271293640137
2020-11-20,5.820000171661377,5.1254191398620605,10.235486030578613
2020-11-27,6.269999980926514,5.617053508758545,11.890275955200195
2020-12-04,7.269999980926514,6.1708478927612305,12.955799102783203
2020-12-11,7.139999866485596,6.289518356323242,13.609644889831543
2020-12-18,7.050000190734863,6.3799333572387695,14.021326065063477
2021-01-08,6.559999942779541,6.605970859527588,15.272505760192871
2021-01-15,7.230000019073486,6.159545421600342,14.23927116394043
2021-01-22,6.389999866485596,5.758327484130859,13.892168045043945
2021-01-29,6.420000076293945,5.6792144775390625,13.036521911621094
2021-02-05,7.090000152587891,6.255611419677734,13.932530403137207
2021-02-12,7.539999961853027,5.961762428283691,14.126260757446289
2021-02-19,8.739999771118164,5.6792144775390625,14.707456588745117
2021-02-26,8.800000190734863,4.481210708618164,13.641932487487793
2021-03-05,9.069999694824219,4.385144233703613,14.976387023925781
2021-03-12,10.34000015258789,4.588579177856445,14.875082015991211
2021-03-19,10.680000305175781,4.797664165496826,14.562722206115723
2021-03-26,9.260000228881836,4.582927703857422,14.132170677185059
2021-04-09,11.279999732971191,4.684645652770996,15.381610870361328
2021-04-16,11.25,4.748541831970215,16.487533569335938
2021-04-23,11.260000228881836,4.935676097869873,16.597280502319336
2021-04-30,11.050000190734863,4.959068298339844,16.985620498657227
2021-05-07,12.819999694824219,5.3040971755981445,18.640281677246094
2021-05-14,12.069999694824219,5.660822868347168,17.753856658935547
2021-05-21,12.430000305175781,5.50877571105957,17.264211654663086
2021-05-28,13.390000343322754,5.970765113830566,18.167522430419922
2021-06-04,13.680000305175781,6.777782917022705,18.9526424407959
2021-06-11,16.34000015258789,6.701759338378906,18.910430908203125
2021-06-18,15.680000305175781,6.649127960205078,18.159080505371094
2021-06-25,15.430000305175781,6.988308906555176,19.520092010498047
2021-07-02,14.949999809265137,6.970765590667725,19.34795379638672
2021-07-09,14.0600004196167,6.3684258460998535,19.296316146850586
2021-07-16,13.65999984741211,6.245619297027588,18.995079040527344
2021-07-23,14.170000076293945,6.163747310638428,18.89179801940918
2021-07-30,14.300000190734863,6.239770889282227,18.091371536254883
2021-08-06,14.630000114440918,6.5380167961120605,18.022518157958984
2021-08-13,15.75,6.631584644317627,17.764314651489258
2021-08-20,14.699999809265137,6.254798889160156,15.690091133117676
2021-08-27,18.100000381469727,6.942207336425781,16.73150634765625
2021-09-03,16.8799991607666,6.471548557281494,16.421663284301758
2021-09-10,16.06999969482422,6.155712127685547,15.517955780029297
2021-09-17,15.890000343322754,6.013276100158691,14.037595748901367
2021-09-24,17.770000457763672,6.378655910491943,13.779462814331055
2021-10-01,18.110000610351562,6.65114164352417,13.503683090209961
2021-10-08,18.020000457763672,6.700685024261475,13.855539321899414
2021-10-15,18.829999923706055,6.867892265319824,14.055241584777832
2021-10-22,17.200000762939453,6.161905288696289,12.85702896118164
2021-10-29,15.529999732971191,6.081398010253906,12.105766296386719
2021-11-05,16.790000915527344,6.01947021484375,11.040687561035156
2021-11-12,16.209999084472656,6.335305690765381,11.934593200683594
2021-11-19,14.770000457763672,6.03185510635376,10.888533592224121
2021-11-26,13.979999542236328,6.483935356140137,11.763420104980469
2021-12-03,13.539999961853027,7.398683547973633,12.105766296386719
2021-12-10,15.329999923706055,7.844135761260986,12.85702896118164
2021-12-17,14.789999961853027,7.510046482086182,13.313490867614746
2021-12-31,17.75,7.642289638519287,13.332509994506836
2022-01-07,17.030000686645508,7.66317081451416,14.083771705627441
2022-01-14,15.899999618530273,8.776801109313965,14.62582015991211
2022-01-21,14.979999542236328,8.818562507629395,14.83503246307373
2022-01-28,14.739999771118164,9.312735557556152,14.81601333618164
2022-02-04,14.300000190734863,9.438019752502441,15.738447189331055
2022-02-11,14.5,9.876511573791504,16.679903030395508
2022-02-18,14.930000305175781,9.751228332519531,15.824033737182617
2022-02-25,13.760000228881836,9.876511573791504,16.946170806884766
2022-03-04,13.010000228881836,10.099238395690918,19.161916732788086
2022-03-11,10.4399995803833,9.577223777770996,18.134876251220703
2022-03-18,12.069999694824219,9.229214668273926,18.1253662109375
2022-03-25,12.789999961853027,10.224520683288574,18.962215423583984
2022-04-01,12.949999809265137,10.509889602661133,19.80857276916504
2022-04-08,11.800000190734863,10.920540809631348,19.114368438720703
2022-04-22,11.399999618530273,10.459636688232422,15.88109302520752
2022-04-29,11.369999885559082,10.226027488708496,16.06177520751953
2022-05-06,11.279999732971191,10.610352516174316,14.949148178100586
2022-05-13,10.9399995803833,10.9343900680542,14.663859367370605
2022-05-20,10.40999984741211,11.62014389038086,15.900111198425293
2022-05-27,10.710000038146973,11.812458992004395,17.202932357788086
2022-06-03,10.800000190734863,11.746190071105957,17.63086700439453
2022-06-10,9.609999656677246,10.94267749786377,16.033246994018555
2022-06-17,8.869999885559082,9.61729621887207,14.197887420654297
2022-06-24,9.5,9.070576667785645,13.503683090209961
2022-07-01,8.90999984741211,9.741551399230957,13.456134796142578
2022-07-08,8.680000305175781,9.766402244567871,13.551231384277344
2022-07-15,8.229999542236328,9.302517890930176,12.02968978881836
2022-07-22,8.65999984741211,9.6421480178833,11.97263240814209
2022-07-29,9.119999885559082,11.829026222229004,12.799970626831055
2022-08-05,10.34000015258789,11.969847679138184,12.552719116210938
2022-08-12,11.600000381469727,13.619999885559082,13.600000381469727
2022-08-19,11.270000457763672,13.65999984741211,12.880000114440918
2022-08-26,11.399999618530273,14.739999771118164,13.449999809265137
2022-09-02,10.1899995803833,14.4399995803833,12.170000076293945
2022-09-09,10.579999923706055,13.800000190734863,13.510000228881836
2022-09-16,10.130000114440918,13.100000381469727,12.979999542236328
2022-09-23,9.680000305175781,12.550000190734863,13.039999961853027
2022-09-30,8.600000381469727,12.34000015258789,13.319999694824219
2022-10-07,9.449999809265137,14.350000381469727,14.420000076293945
