Date,GS,JPM,AXP
1999-05-07,55.667686462402344,26.376474380493164,28.75040054321289
1999-05-14,52.71063995361328,26.607839584350586,25.828659057617188
1999-05-21,50.69233322143555,26.565773010253906,25.668575286865234
1999-05-28,51.020870208740234,24.35721778869629,25.84200668334961
1999-06-04,49.096458435058594,25.0092716217041,26.735870361328125
1999-06-11,47.500572204589844,24.651700973510742,25.942062377929688
1999-06-18,48.67402648925781,26.96541976928711,26.615785598754883
1999-06-25,49.753578186035156,27.322999954223633,26.13550567626953
1999-07-02,53.273887634277344,28.7634334564209,29.429616928100586
1999-07-09,50.50458526611328,28.80569839477539,28.547536849975586
1999-07-16,51.11477279663086,27.664461135864258,29.05541229248047
1999-07-23,48.110748291015625,27.57992172241211,28.98858642578125
1999-07-30,48.29853057861328,26.058271408081055,28.173315048217773
1999-08-06,42.24360656738281,25.614463806152344,26.315582275390625
1999-08-13,47.50885772705078,26.755680084228516,28.80147361755371
1999-08-20,46.89736557006836,28.319622039794922,30.552274703979492
1999-08-27,46.33290100097656,28.108278274536133,30.92650604248047
1999-09-03,47.50885772705078,28.742286682128906,30.365175247192383
1999-09-10,47.48533630371094,26.18507194519043,29.937501907348633
1999-09-17,45.20397186279297,26.22734832763672,29.910757064819336
1999-09-24,46.615116119384766,25.48765754699707,29.16233253479004
1999-10-01,44.545448303222656,25.04384422302246,28.093122482299805
1999-10-08,48.120365142822266,25.69329071044922,32.060340881347656
1999-10-15,44.96879196166992,22.611793518066406,28.914535522460938
1999-10-22,49.392303466796875,27.414676666259766,31.832761764526367
1999-10-29,53.539737701416016,29.667356491088867,32.983985900878906
1999-11-05,55.56632995605469,29.32733154296875,32.07371520996094
1999-11-12,60.137969970703125,28.90229034423828,33.03755187988281
1999-11-19,60.27935028076172,28.222246170043945,33.19816589355469
1999-11-26,58.29988098144531,26.883384704589844,32.689491271972656
1999-12-03,59.6195068359375,27.88221549987793,33.6800537109375
1999-12-10,61.83463668823242,26.840877532958984,35.92898941040039
1999-12-17,60.46788787841797,24.73696517944336,33.224945068359375
1999-12-31,71.02501678466797,26.415842056274414,35.60772705078125
2000-01-07,62.258792877197266,24.87692642211914,32.69795227050781
2000-01-14,64.56819152832031,25.261619567871094,34.2128791809082
2000-01-21,64.70398712158203,24.94104766845703,32.537086486816406
2000-01-28,65.6950912475586,26.223358154296875,33.94472885131836
2000-02-04,63.94886779785156,27.95447540283203,34.628456115722656
2000-02-11,64.27924346923828,28.253692626953125,32.92585372924805
2000-02-18,61.022804260253906,25.560827255249023,29.65472412109375
2000-02-25,67.39408111572266,25.945524215698242,26.758962631225586
2000-03-03,77.39936065673828,27.740764617919922,28.63585090637207
2000-03-10,84.7617416381836,26.907257080078125,27.174560546875
2000-03-17,87.9709701538086,31.117528915405273,30.807680130004883
2000-03-24,91.60496520996094,32.89139938354492,33.381683349609375
2000-03-31,79.47591400146484,29.81383514404297,31.947195053100586
2000-04-07,77.39936065673828,29.6900691986084,29.82901954650879
2000-04-14,62.48583984375,27.11206817626953,28.74308967590332
2000-04-28,70.50479125976562,24.791851043701172,32.123111724853516
2000-05-05,67.95304870605469,24.813337326049805,31.5053768157959
2000-05-12,63.34562683105469,24.6199893951416,32.39171600341797
2000-05-19,63.936309814453125,24.920757293701172,32.432003021240234
2000-05-26,52.78407287597656,24.2332820892334,31.626235961914062
2000-06-02,65.68478393554688,27.73507308959961,36.420528411865234
2000-06-09,62.94392013549805,25.200040817260742,34.688148498535156
2000-06-16,68.0002670288086,23.427650451660156,33.197471618652344
2000-06-23,65.02323150634766,24.168840408325195,34.567256927490234
2000-06-30,71.66253662109375,23.749916076660156,33.600372314453125
2000-07-07,71.78070068359375,25.992876052856445,34.70084762573242
2000-07-14,78.77445220947266,27.25847053527832,36.5165901184082
2000-07-21,78.91574096679688,27.38015365600586,38.251644134521484
2000-07-28,74.56303405761719,25.11673355102539,36.1534423828125
2000-08-04,84.214599609375,27.226016998291016,38.61479568481445
2000-08-11,90.74360656738281,26.998868942260742,38.574432373046875
2000-08-18,88.56726837158203,26.349849700927734,37.767433166503906
2000-08-25,90.36508178710938,27.031309127807617,36.5165901184082
2000-09-01,98.12421417236328,29.237945556640625,37.72708511352539
2000-09-08,94.05542755126953,30.016759872436523,39.13932800292969
2000-09-15,94.52853393554688,25.506120681762695,38.2919807434082
2000-09-22,86.9586410522461,24.532611846923828,37.928836822509766
2000-09-29,86.34364318847656,23.980947494506836,39.22003173828125
2000-10-06,82.41677856445312,22.414506912231445,37.45301055908203
2000-10-13,76.833984375,20.748111724853516,34.86725997924805
2000-10-20,79.53355407714844,20.06195831298828,36.24093246459961
2000-10-27,70.48591613769531,22.316478729248047,36.07933044433594
2000-11-03,76.12288665771484,23.231351852416992,38.543880462646484
2000-11-10,67.59638214111328,22.381820678710938,36.88739776611328
2000-11-17,66.7437744140625,20.715442657470703,36.24093246459961
2000-11-24,61.76992416381836,20.45404815673828,33.21076583862305
2000-12-01,62.14891815185547,19.506498336791992,35.06928253173828
2000-12-08,69.63330078125,20.911487579345703,35.432899475097656
2000-12-15,65.70159912109375,22.969959259033203,35.311683654785156
2000-12-22,74.8913345336914,23.852174758911133,34.38243865966797
2000-12-29,81.04936218261719,23.75414276123047,35.513694763183594
2001-01-05,81.75990295410156,25.771324157714844,33.38331985473633
2001-01-12,82.423095703125,28.075288772583008,31.036396026611328
2001-01-19,84.17284393310547,26.627071380615234,31.481504440307617
2001-01-26,87.01814270019531,28.536069869995117,30.186620712280273
2001-02-02,86.46612548828125,28.77436637878418,31.148052215576172
2001-02-09,81.75434112548828,27.357759475708008,30.448822021484375
2001-02-16,77.01220703125,27.378826141357422,30.57183074951172
2001-02-23,72.86952209472656,24.777347564697266,29.069801330566406
2001-03-02,69.34891510009766,24.119056701660156,28.325241088867188
2001-03-09,66.01046752929688,25.777910232543945,27.66485595703125
2001-03-16,66.42778778076172,23.476594924926758,24.719043731689453
2001-03-23,68.14250946044922,21.96519660949707,23.825578689575195
2001-03-30,64.56888580322266,23.645109176635742,26.739046096801758
2001-04-06,63.885963439941406,21.445356369018555,23.817466735839844
2001-04-20,72.67042541503906,25.379728317260742,26.92522621154785
2001-04-27,70.6041030883789,26.468198776245117,28.37853240966797
2001-05-04,73.84031677246094,26.866405487060547,28.449905395507812
2001-05-11,70.53573608398438,24.657636642456055,27.424787521362305
2001-05-18,73.87833404541016,25.570878982543945,28.352577209472656
2001-05-25,74.41767120361328,25.857593536376953,28.112546920776367
2001-06-01,73.46047973632812,25.958486557006836,27.49616813659668
2001-06-08,72.44252014160156,23.468286514282227,26.59433364868164
2001-06-15,67.831298828125,23.839954376220703,25.26429557800293
2001-06-22,69.96598815917969,24.370908737182617,26.438623428344727
2001-06-29,65.18004608154297,23.61164665222168,25.173458099365234
2001-07-06,63.12891387939453,23.80964469909668,24.886474609375
2001-07-13,65.44596862792969,22.76118278503418,25.588603973388672
2001-07-20,63.014976501464844,23.21586799621582,24.691438674926758
2001-07-27,64.5270767211914,23.64914894104004,25.673112869262695
2001-08-03,65.04438781738281,23.17308235168457,26.297218322753906
2001-08-10,61.46883773803711,22.60069465637207,25.90715980529785
2001-08-17,58.76817321777344,22.188798904418945,24.379377365112305
2001-08-24,61.84919357299805,21.89459228515625,24.840961456298828
2001-08-31,60.9362678527832,21.07614517211914,23.67725944519043
2001-09-07,56.660858154296875,19.792329788208008,22.494049072265625
2001-09-21,51.495365142822266,16.486473083496094,16.649492263793945
2001-09-28,54.27970886230469,18.267784118652344,18.89240074157715
2001-10-05,58.007415771484375,18.047298431396484,18.11672592163086
2001-10-12,62.99030685424805,17.766407012939453,19.550947189331055
2001-10-19,60.670040130615234,18.295787811279297,19.114154815673828
2001-10-26,63.328155517578125,20.283641815185547,20.02684211730957
2001-11-02,62.665313720703125,19.46797752380371,19.51834487915039
2001-11-09,66.1776123046875,21.093900680541992,21.324148178100586
2001-11-16,66.85575103759766,21.288366317749023,21.597949981689453
2001-11-23,68.68424987792969,21.277563095092773,22.40632438659668
2001-11-30,67.80806732177734,20.375463485717773,21.454532623291016
2001-12-07,69.7966079711914,21.482824325561523,22.621458053588867
2001-12-14,68.31094360351562,19.46797752380371,21.030773162841797
2001-12-21,70.32991027832031,19.311328887939453,22.034740447998047
2001-12-28,71.06134033203125,19.743457794189453,23.501548767089844
2002-01-04,73.71270751953125,21.265804290771484,24.645498275756836
2002-01-11,69.44612884521484,20.905920028686523,24.449480056762695
2002-01-18,68.06019592285156,19.580896377563477,24.188127517700195
2002-01-25,66.6030044555664,19.07925033569336,24.168519973754883
2002-02-01,65.15350341796875,17.536117553710938,22.933639526367188
2002-02-08,63.93282699584961,16.969013214111328,22.11690902709961
2002-02-15,63.139366149902344,16.385568618774414,22.00583839416504
2002-02-22,60.270782470703125,15.371354103088379,21.98623275756836
2002-03-01,63.681053161621094,16.17291259765625,24.377609252929688
2002-03-08,68.88422393798828,18.94292449951172,26.442283630371094
2002-03-15,68.66293334960938,19.63542366027832,27.539960861206055
2002-03-22,68.45693969726562,19.19373893737793,26.85391616821289
2002-04-05,65.72566986083984,19.193164825439453,26.646034240722656
2002-04-12,63.32249450683594,18.873836517333984,26.46927261352539
2002-04-19,65.8477554321289,20.78984832763672,28.4333553314209
2002-04-26,60.479248046875,19.264741897583008,27.52987289428711
2002-05-03,60.02076721191406,19.644634246826172,27.39238929748535
2002-05-10,58.64536666870117,19.314298629760742,27.169795989990234
2002-05-17,61.510780334472656,20.97703742980957,28.930925369262695
2002-05-24,59.74570083618164,20.81185531616211,27.844118118286133
2002-05-31,57.65202713012695,19.793291091918945,27.831026077270508
2002-06-07,56.50584030151367,18.548992156982422,25.637815475463867
2002-06-14,55.66534423828125,18.169099807739258,23.54279136657715
2002-06-21,53.907901763916016,18.16358757019043,24.42008399963379
2002-06-28,56.047401428222656,18.675630569458008,23.778474807739258
2002-07-05,56.50584030151367,18.14002799987793,24.50564193725586
2002-07-12,55.89454650878906,16.815288543701172,22.950668334960938
2002-07-19,58.8364143371582,14.527604103088379,20.765817642211914
2002-07-26,53.25891876220703,12.384644508361816,19.794782638549805
2002-08-02,53.95547103881836,13.275223731994629,21.664703369140625
2002-08-09,57.75199890136719,14.66675853729248,23.587093353271484
2002-08-16,60.87498092651367,13.837409973144531,24.14478874206543
2002-08-23,59.933528900146484,14.31052303314209,24.49907875061035
2002-08-30,59.16804885864258,14.694592475891113,23.659259796142578
2002-09-06,55.371517181396484,13.30862045288086,22.766958236694336
2002-09-13,55.876708984375,12.267752647399902,22.432353973388672
2002-09-20,51.55964660644531,11.232455253601074,20.851119995117188
2002-09-27,50.61817169189453,10.20828914642334,20.6542911529541
2002-10-04,47.49519348144531,9.367730140686035,18.7646484375
2002-10-11,49.140869140625,9.735873222351074,20.30370330810547
2002-10-18,54.001399993896484,10.744007110595703,22.230812072753906
2002-10-25,56.726139068603516,11.536924362182617,21.790138244628906
2002-11-01,56.31209945678711,12.188248634338379,23.84221649169922
2002-11-08,56.028472900390625,11.440638542175293,23.38182258605957
2002-11-15,57.69215774536133,12.511077880859375,24.763023376464844
2002-11-22,60.65152359008789,14.153542518615723,25.986377716064453
2002-11-29,60.46748352050781,14.255487442016602,25.604894638061523
2002-12-06,57.117149353027344,13.83637523651123,24.73013687133789
2002-12-13,56.04377746582031,13.377623558044434,23.638322830200195
2002-12-20,55.0931282043457,14.085577011108398,24.34865379333496
2002-12-27,52.16265106201172,13.479562759399414,23.46731948852539
2003-01-03,54.05195236206055,14.902708053588867,24.258386611938477
2003-01-10,57.538673400878906,15.563401222229004,25.168075561523438
2003-01-17,55.74156188964844,15.046341896057129,24.344078063964844
2003-01-24,53.19606018066406,13.679011344909668,22.214872360229492
2003-01-31,52.38832473754883,13.408997535705566,23.421213150024414
2003-02-07,50.54200744628906,12.627663612365723,22.24124526977539
2003-02-14,51.311317443847656,12.552984237670898,21.852313995361328
2003-02-21,52.69602966308594,13.144719123840332,22.181921005249023
2003-02-28,53.42683792114258,13.029821395874023,22.135774612426758
2003-03-07,51.29591369628906,12.805767059326172,21.799583435058594
2003-03-14,51.249755859375,12.214019775390625,22.069862365722656
2003-03-21,55.4654426574707,14.161604881286621,24.957134246826172
2003-03-28,53.9345703125,14.046699523925781,22.557666778564453
2003-04-04,55.4346809387207,14.905045509338379,23.44403076171875
2003-04-11,55.71162033081055,14.91086483001709,22.87576675415039
2003-04-25,58.45637130737305,16.29183006286621,24.243560791015625
2003-05-02,59.01878356933594,17.39893341064453,25.413110733032227
2003-05-09,57.7860221862793,17.527118682861328,26.298545837402344
2003-05-16,59.09585952758789,18.2088565826416,26.840381622314453
2003-05-23,58.67207336425781,18.004919052124023,26.424089431762695
2003-05-30,62.79415512084961,19.146984100341797,27.527572631835938
2003-06-06,68.34158325195312,20.46967124938965,28.531940460205078
2003-06-13,68.70372009277344,20.2191219329834,28.697132110595703
2003-06-20,66.45394134521484,20.277389526367188,28.366737365722656
2003-06-27,63.47217559814453,19.752965927124023,28.02976417541504
2003-07-11,67.27833557128906,21.046106338500977,29.11699676513672
2003-07-18,67.56339263916016,20.793039321899414,30.163503646850586
2003-07-25,66.78040313720703,20.875438690185547,30.2032470703125
2003-08-01,65.76036071777344,19.633621215820312,28.759319305419922
2003-08-08,66.31672668457031,19.41585922241211,29.395166397094727
2003-08-15,67.81586456298828,19.810184478759766,30.137004852294922
2003-08-22,67.22085571289062,19.963207244873047,30.084016799926758
2003-08-29,68.37997436523438,20.139768600463867,29.838951110839844
2003-09-05,70.28861999511719,20.122108459472656,29.93830108642578
2003-09-12,70.11091613769531,20.010297775268555,29.739601135253906
2003-09-19,72.42913818359375,20.88721466064453,31.163654327392578
2003-09-26,65.45128631591797,20.122108459472656,29.713098526000977
2003-10-03,66.96585083007812,20.899715423583984,30.92097282409668
2003-10-10,67.1822280883789,21.10771369934082,31.53832244873047
2003-10-17,67.35994720458984,21.594993591308594,31.757394790649414
2003-10-24,66.50902557373047,20.662017822265625,31.611331939697266
2003-10-31,72.77091217041016,21.333524703979492,31.15330696105957
2003-11-07,75.15782165527344,21.416717529296875,30.86786460876465
2003-11-14,72.69341278076172,21.07205581665039,30.091176986694336
2003-11-21,72.05016326904297,20.7987060546875,29.805742263793945
2003-11-28,74.46035766601562,21.03639030456543,30.34343910217285
2003-12-05,75.97159576416016,20.774927139282227,30.204025268554688
2003-12-12,76.83956146240234,20.852188110351562,30.004884719848633
2003-12-19,74.69288635253906,21.262208938598633,31.339176177978516
2003-12-26,75.90184020996094,21.5236873626709,31.75074577331543
2004-01-02,75.27411651611328,21.964704513549805,31.763126373291016
2004-01-09,75.56085968017578,23.248281478881836,31.856252670288086
2004-01-16,77.87030792236328,23.55417823791504,33.199947357177734
2004-01-23,77.302734375,23.75211524963379,33.23321533203125
2004-01-30,77.34161376953125,23.326248168945312,34.483787536621094
2004-02-06,78.73226928710938,23.830081939697266,35.29532241821289
2004-02-13,82.23614501953125,24.087993621826172,35.68779754638672
2004-02-20,82.75672149658203,24.333919525146484,35.36184310913086
2004-02-27,82.2517318725586,24.603822708129883,35.534793853759766
2004-03-05,84.72230529785156,25.79743003845215,35.10240936279297
2004-03-12,81.52140808105469,24.90372657775879,34.67003631591797
2004-03-19,79.75782012939453,24.789770126342773,33.97823715209961
2004-03-26,80.6046371459961,24.741764068603516,33.27979278564453
2004-04-02,82.31385040283203,25.111757278442383,34.94356918334961
2004-04-16,80.3016586303711,23.739171981811523,33.710567474365234
2004-04-23,78.20184326171875,23.15869903564453,33.50398254394531
2004-04-30,75.351318359375,22.735416412353516,32.624229431152344
2004-05-07,72.46185302734375,22.058195114135742,32.31764221191406
2004-05-14,73.21733856201172,21.5623779296875,32.56421661376953
2004-05-21,71.44940185546875,21.816328048706055,33.077415466308594
2004-05-28,73.13944244384766,22.275876998901367,33.79055404663086
2004-06-04,71.278076171875,22.541929244995117,33.977176666259766
2004-06-18,69.45560455322266,22.511699676513672,34.630313873291016
2004-06-25,73.6379165649414,22.971248626708984,34.2237663269043
2004-07-02,72.90577697753906,23.22938346862793,34.217201232910156
2004-07-09,70.13318634033203,22.46686553955078,33.39582824707031
2004-07-16,67.95246887207031,21.881240844726562,32.541053771972656
2004-07-23,68.38092041015625,22.283857345581055,32.12704086303711
2004-07-30,68.88077545166016,22.77186393737793,33.55607223510742
2004-08-06,66.03776550292969,22.015443801879883,32.94841384887695
2004-08-13,65.80345916748047,22.491268157958984,32.95509338378906
2004-08-20,68.58399200439453,23.57708740234375,33.38913345336914
2004-08-27,70.66938781738281,24.229808807373047,33.38913345336914
2004-09-03,70.45068359375,24.30910873413086,33.562747955322266
2004-09-10,72.73917388916016,24.278600692749023,34.27729415893555
2004-09-17,71.89563751220703,24.187105178833008,34.32404327392578
2004-09-24,73.01256561279297,24.24810791015625,34.1971549987793
2004-10-01,73.3561782836914,24.608007431030273,34.49098205566406
2004-10-08,73.60615539550781,24.3926944732666,34.97119140625
2004-10-15,73.54366302490234,23.832847595214844,35.13851547241211
2004-10-22,72.599853515625,23.051555633544922,34.623146057128906
2004-10-29,77.04827117919922,23.746732711791992,35.52002716064453
2004-11-05,78.9826889038086,24.208139419555664,36.89210510253906
2004-11-12,81.96659088134766,24.097402572631836,37.23344802856445
2004-11-19,80.69788360595703,23.02079963684082,37.2802848815918
2004-11-26,82.10755157470703,23.186899185180664,37.554710388183594
2004-12-03,83.3841323852539,23.414531707763672,37.6484260559082
2004-12-10,85.67882537841797,23.14999008178711,36.93227767944336
2004-12-17,81.25389862060547,23.697509765625,37.42085266113281
2004-12-31,81.48101806640625,23.99896812438965,37.72873306274414
2005-01-07,82.060546875,23.830646514892578,36.060420989990234
2005-01-14,81.62195587158203,23.464508056640625,35.36281967163086
2005-01-21,81.1211166381836,22.868736267089844,34.832916259765625
2005-01-28,83.31144714355469,22.961828231811523,35.41650390625
2005-02-04,86.37319946289062,23.390033721923828,37.442203521728516
2005-02-11,88.53217315673828,23.259700775146484,37.019622802734375
2005-02-18,85.57245635986328,22.65773582458496,36.308597564697266
2005-02-25,86.43602752685547,22.943206787109375,36.61045837402344
2005-03-04,87.55868530273438,23.27831268310547,36.85862350463867
2005-03-11,86.00423431396484,22.409502029418945,35.912864685058594
2005-03-18,86.34181213378906,22.347442626953125,35.14817810058594
2005-04-01,85.80795288085938,21.25520133972168,34.22270202636719
2005-04-08,88.65775299072266,21.62501335144043,34.653011322021484
2005-04-15,83.6019515991211,21.26774024963379,34.10166549682617
2005-04-22,81.99128723144531,21.856945037841797,33.48984909057617
2005-04-29,84.03733825683594,22.245567321777344,35.43293380737305
2005-05-06,82.37688446044922,22.320781707763672,35.6346321105957
2005-05-13,76.97848510742188,21.59994888305664,34.794193267822266
2005-05-20,79.54390716552734,22.60284423828125,35.67498016357422
2005-05-27,75.15277099609375,22.43988037109375,35.802730560302734
2005-06-03,76.56925964355469,22.283174514770508,36.42802047729492
2005-06-10,77.94644927978516,22.207956314086914,36.784366607666016
2005-06-17,81.68438720703125,22.61537742614746,36.86503219604492
2005-06-24,81.58206939697266,22.295713424682617,36.044769287109375
2005-07-01,80.82662200927734,22.189640045166016,36.077877044677734
2005-07-08,83.14019775390625,22.031415939331055,36.34067153930664
2005-07-15,85.38301086425781,22.695959091186523,36.22611999511719
2005-07-22,86.07754516601562,22.531410217285156,36.771934509277344
2005-07-29,84.77610778808594,22.240280151367188,37.06169891357422
2005-08-05,86.52717590332031,22.30988883972168,37.60750961303711
2005-08-12,89.64276885986328,21.7149600982666,38.18702697753906
2005-08-19,87.76545715332031,21.86052703857422,37.80291748046875
2005-08-26,86.56663513183594,21.297245025634766,37.06844711303711
2005-09-02,89.29571533203125,21.588382720947266,37.30428695678711
2005-09-09,91.63044738769531,22.037738800048828,39.211265563964844
2005-09-16,93.38938903808594,22.145336151123047,40.06706237792969
2005-09-23,94.23334503173828,21.56305503845215,38.342002868652344
2005-09-30,95.89762115478516,21.474458694458008,38.70589828491211
2005-10-07,92.7347183227539,21.67142677307129,38.44627380371094
2005-10-14,90.35267639160156,21.786487579345703,37.00320816040039
2005-10-21,93.87486267089844,22.45773696899414,36.385841369628906
2005-10-28,98.45120239257812,23.29517936706543,38.2302131652832
2005-11-04,103.50972747802734,23.85134506225586,38.12217330932617
2005-11-11,102.75096130371094,24.45865821838379,38.932456970214844
2005-11-18,103.99976348876953,24.31163215637207,38.515743255615234
2005-11-25,106.0073471069336,24.84222412109375,40.60706329345703
2005-12-02,103.60456085205078,24.925331115722656,39.82764434814453
2005-12-09,102.48221588134766,25.008438110351562,39.47265625
2005-12-16,99.98455810546875,25.43674659729004,40.07459259033203
2005-12-23,101.25708770751953,25.698850631713867,40.36783981323242
2005-12-30,100.94096374511719,25.372821807861328,39.711883544921875
2006-01-06,101.83411407470703,25.80206871032715,40.7463493347168
2006-01-13,105.3276138305664,25.737577438354492,41.334197998046875
2006-01-20,104.08352661132812,24.531949996948242,39.75632858276367
2006-01-27,110.02264404296875,25.627994537353516,41.22590255737305
2006-02-03,113.03172302246094,25.48614501953125,40.47564697265625
2006-02-10,111.50338745117188,25.737577438354492,40.99388122558594
2006-02-17,115.24893188476562,26.292064666748047,42.115394592285156
2006-02-24,114.15614318847656,26.85942840576172,42.440250396728516
2006-03-03,115.61321258544922,26.814287185668945,41.573970794677734
2006-03-10,112.07359313964844,26.517723083496094,41.94525146484375
2006-03-17,119.0657730102539,26.691791534423828,42.27008819580078
2006-03-24,120.4990234375,27.14310073852539,41.133094787597656
2006-03-31,124.2921142578125,26.846532821655273,40.64582061767578
2006-04-07,127.50715637207031,27.104997634887695,40.07872772216797
2006-04-21,131.6368408203125,27.624998092651367,40.50508499145508
2006-04-28,127.19315338134766,29.49700355529785,41.71439743041992
2006-05-05,130.44662475585938,30.322486877441406,41.66790771484375
2006-05-12,123.87628173828125,28.807998657226562,41.00121307373047
2006-05-19,118.55976104736328,27.78748893737793,40.48957061767578
2006-05-26,121.36080169677734,28.099502563476562,42.17953872680664
2006-06-02,122.27336883544922,28.476505279541016,42.41987228393555
2006-06-09,118.9405288696289,27.365001678466797,41.443092346191406
2006-06-16,114.26679229736328,26.10400390625,41.024471282958984
2006-06-23,117.3773193359375,26.565481185913086,40.76865768432617
2006-06-30,119.36908721923828,27.299991607666016,41.25705337524414
2006-07-07,117.84551239013672,27.79148292541504,40.408721923828125
2006-07-14,111.17202758789062,26.79542350769043,39.85678482055664
2006-07-21,112.98379516601562,28.276405334472656,39.351470947265625
2006-07-28,120.68364715576172,29.803260803222656,40.57197189331055
2006-08-04,121.69389343261719,29.567359924316406,40.587528228759766
2006-08-11,120.19844818115234,28.78753662109375,40.26880645751953
2006-08-18,123.03813171386719,29.953977584838867,41.40378952026367
2006-08-25,119.37120056152344,29.82947540283203,41.13948059082031
2006-09-01,118.63142395019531,29.96709632873535,40.85186004638672
2006-09-08,119.1563720703125,29.65909767150879,40.906253814697266
2006-09-15,129.4254913330078,30.766565322875977,41.78471374511719
2006-09-22,133.25149536132812,30.68137550354004,42.0645637512207
2006-09-29,134.5640411376953,30.773109436035156,43.59602355957031
2006-10-06,139.7184600830078,30.927812576293945,44.110652923583984
2006-10-13,146.2410430908203,31.785808563232422,45.225318908691406
2006-10-20,143.7717742919922,31.099403381347656,45.24091339111328
2006-10-27,150.36268615722656,31.21158790588379,44.64070129394531
2006-11-03,149.13534545898438,30.947601318359375,44.477020263671875
2006-11-10,149.07957458496094,31.422815322875977,45.88007736206055
2006-11-17,155.43927001953125,31.4558162689209,46.64396667480469
2006-11-24,160.6673583984375,31.198402404785156,46.69075393676758
2006-12-01,155.00900268554688,30.366798400878906,45.638431549072266
2006-12-08,163.4567413330078,30.861801147460938,46.63618087768555
2006-12-15,159.2646942138672,31.87822151184082,48.04701614379883
2006-12-22,157.87002563476562,31.607601165771484,47.43125534057617
2006-12-29,158.8742218017578,31.87822151184082,47.290931701660156
2007-01-05,158.6351776123047,31.765216827392578,46.20477294921875
2007-01-12,170.541748046875,31.898155212402344,46.11100769042969
2007-01-19,167.87313842773438,32.409950256347656,45.39212417602539
2007-01-26,170.43576049804688,33.034751892089844,45.204586029052734
2007-02-02,170.37979125976562,33.85231399536133,45.44681167602539
2007-02-09,170.26007080078125,33.513336181640625,44.95452117919922
2007-02-16,173.1658477783203,34.06501007080078,46.11882781982422
2007-02-23,172.83059692382812,33.918785095214844,45.337406158447266
2007-03-02,156.20211791992188,32.03107833862305,43.321372985839844
2007-03-09,161.01583862304688,32.44983673095703,44.46222686767578
2007-03-16,158.86050415039062,31.260059356689453,43.40733337402344
2007-03-23,169.15048217773438,32.25041580200195,44.87639236450195
2007-03-30,164.95147705078125,32.15737533569336,44.071537017822266
2007-04-13,164.84759521484375,32.860897064208984,44.94236755371094
2007-04-20,175.90541076660156,35.17034149169922,47.79436492919922
2007-04-27,179.3275146484375,35.17703628540039,48.687564849853516
2007-05-04,181.7742156982422,35.2305908203125,49.666954040527344
2007-05-11,181.90213012695312,34.90927505493164,49.33788299560547
2007-05-18,184.1729278564453,35.17034149169922,50.11354446411133
2007-05-25,180.32701110839844,34.567893981933594,49.85500717163086
2007-06-01,184.46878051757812,34.74192810058594,50.98325729370117
2007-06-08,179.95123291015625,33.744503021240234,49.392723083496094
2007-06-15,180.8546905517578,33.84492874145508,49.964698791503906
2007-06-22,177.82435607910156,32.61322021484375,48.413330078125
2007-06-29,173.3067626953125,32.432498931884766,47.93539047241211
2007-07-06,178.81573486328125,33.03599166870117,48.31123352050781
2007-07-13,177.64849853515625,33.76457977294922,49.347999572753906
2007-07-20,164.66336059570312,32.08479690551758,50.66748809814453
2007-07-27,154.31396484375,29.83831214904785,45.98638153076172
2007-08-03,143.92486572265625,29.447032928466797,45.153831481933594
2007-08-10,144.58169555664062,29.85181999206543,47.73786544799805
2007-08-17,140.1761932373047,31.713747024536133,46.2534294128418
2007-08-24,143.9649200439453,30.99866485595703,47.824275970458984
2007-08-31,140.98519897460938,30.0339412689209,46.04136657714844
2007-09-07,143.36415100097656,29.35932731628418,45.35805130004883
2007-09-14,152.6638946533203,30.72205924987793,46.29269790649414
2007-09-21,168.19537353515625,31.794700622558594,46.55974578857422
2007-09-28,173.6101837158203,30.91094398498535,46.630435943603516
2007-10-05,183.03004455566406,32.359012603759766,48.108245849609375
2007-10-12,187.08309936523438,31.842147827148438,49.78535079956055
2007-10-19,174.37110900878906,30.61797523498535,44.966644287109375
2007-10-26,189.2677459716797,32.18218994140625,47.769683837890625
2007-11-02,184.19752502441406,29.34618377685547,45.99810791015625
2007-11-09,169.5403289794922,28.77490234375,44.478477478027344
2007-11-16,180.70770263671875,29.305376052856445,46.19493865966797
2007-11-23,173.67190551757812,28.530059814453125,43.80133819580078
2007-11-30,181.82281494140625,31.026037216186523,46.43901443481445
2007-12-07,174.80313110351562,31.338869094848633,44.84853744506836
2007-12-14,169.0108184814453,30.740386962890625,41.17152786254883
2007-12-21,168.15240478515625,29.99909019470215,40.903831481933594
2007-12-28,170.02975463867188,29.420991897583008,40.02983856201172
2008-01-04,160.39466857910156,28.08083724975586,38.82564926147461
2008-01-11,159.43994140625,28.032804489135742,34.764530181884766
2008-01-18,150.18997192382812,27.161495208740234,34.45640182495117
2008-01-25,153.79757690429688,29.940078735351562,35.90227508544922
2008-02-01,166.9857177734375,33.10285568237305,39.189109802246094
2008-02-08,150.34181213378906,30.063575744628906,35.5388298034668
2008-02-15,143.382080078125,29.672510147094727,35.64155197143555
2008-02-22,142.81954956054688,30.139047622680664,35.602027893066406
2008-02-29,136.3258819580078,27.888729095458984,33.421356201171875
2008-03-07,128.64285278320312,25.768775939941406,32.8129768371582
2008-03-14,126.06301879882812,25.06898307800293,32.40214157104492
2008-03-28,132.16285705566406,29.30203628540039,34.09294891357422
2008-04-04,140.9630584716797,31.519039154052734,36.43165969848633
2008-04-11,134.4533233642578,29.416364669799805,34.415870666503906
2008-04-18,144.6036834716797,31.65044403076172,36.11328125
2008-04-25,154.5904998779297,33.05451583862305,37.889984130859375
2008-05-02,161.24916076660156,33.65625762939453,39.97603988647461
2008-05-09,151.44232177734375,32.210697174072266,38.8338508605957
2008-05-16,150.67742919921875,32.18302917480469,38.61177444458008
2008-05-23,139.0026397705078,29.271120071411133,36.04981994628906
2008-05-30,142.03805541992188,29.74144744873047,36.763668060302734
2008-06-06,136.42611694335938,27.728734970092773,35.415283203125
2008-06-13,143.55174255371094,27.375974655151367,35.423213958740234
2008-06-20,147.9640350341797,26.186323165893555,32.66295623779297
2008-06-27,140.54847717285156,24.24274253845215,30.172393798828125
2008-07-11,130.8221893310547,23.192367553710938,31.235715866088867
2008-07-18,147.21524047851562,27.990314483642578,33.60968017578125
2008-07-25,144.12945556640625,27.640607833862305,29.172462463378906
2008-08-01,146.8239288330078,28.507863998413086,29.626541137695312
2008-08-08,141.94320678710938,28.724695205688477,30.12044334411621
2008-08-15,131.6414031982422,26.626461029052734,31.124191284179688
2008-08-22,128.9227294921875,26.346708297729492,30.90113639831543
2008-08-29,132.2786865234375,26.920211791992188,31.610126495361328
2008-09-05,131.6898193359375,27.696561813354492,31.387081146240234
2008-09-12,124.40507507324219,28.794628143310547,31.028596878051758
2008-09-19,104.7129135131836,32.90715408325195,32.183712005615234
2008-09-26,111.32001495361328,33.739444732666016,31.466739654541016
2008-10-03,103.26078796386719,32.35053634643555,24.717439651489258
2008-10-10,71.63723754882812,29.34806251525879,18.536069869995117
2008-10-17,92.20867919921875,27.719968795776367,18.68018913269043
2008-10-24,81.2423095703125,24.97123146057129,19.25670051574707
2008-10-31,74.84974670410156,29.073184967041016,22.01909065246582
2008-11-07,62.93849563598633,26.606369018554688,20.26557731628418
2008-11-14,53.99701690673828,24.294614791870117,16.00587272644043
2008-11-21,43.137718200683594,16.01315689086914,14.964971542358398
2008-11-28,63.91764831542969,22.314111709594727,18.664180755615234
2008-12-05,57.22568130493164,23.505233764648438,17.439117431640625
2008-12-12,54.81429672241211,21.806652069091797,16.286123275756836
2008-12-19,65.32560729980469,21.36967658996582,15.557489395141602
2008-12-26,61.473907470703125,21.003171920776367,14.340435981750488
2009-01-02,70.20502471923828,22.36516571044922,15.47741985321045
2009-01-09,67.90693664550781,18.52705955505371,15.53002643585205
2009-01-16,59.11109161376953,16.279850006103516,13.737166404724121
2009-01-23,60.61616897583008,17.3214111328125,12.921497344970703
2009-01-30,65.32560729980469,18.19890022277832,13.511038780212402
2009-02-06,78.14310455322266,19.711315155029297,14.480154037475586
2009-02-13,78.0460205078125,17.613910675048828,12.71152114868164
2009-02-20,68.82279205322266,14.196704864501953,10.4744873046875
2009-02-27,74.10308074951172,16.30124855041504,9.739577293395996
2009-03-06,61.54914474487305,11.364500999450684,8.28591251373291
2009-03-13,80.38409423828125,16.943307876586914,10.57139778137207
2009-03-20,79.17996215820312,16.515270233154297,9.901095390319824
2009-03-27,87.93434143066406,19.547229766845703,11.669727325439453
2009-04-03,97.14432525634766,20.925607681274414,12.546096801757812
2009-04-17,98.12064361572266,23.770004272460938,17.849332809448242
2009-04-24,98.69015502929688,23.855762481689453,20.705562591552734
2009-05-01,103.39281463623047,23.219701766967773,19.87897300720215
2009-05-08,113.57101440429688,27.829334259033203,23.242605209350586
2009-05-15,109.34843444824219,24.949216842651367,19.829864501953125
2009-05-22,111.22026062011719,24.59187889099121,19.150592803955078
2009-05-29,117.92523193359375,26.37140655517578,20.337278366088867
2009-06-05,121.5468978881836,24.691926956176758,20.419113159179688
2009-06-12,118.79805755615234,25.106441497802734,20.590984344482422
2009-06-19,116.75064086914062,25.013534545898438,20.16541862487793
2009-06-26,119.6953125,24.620468139648438,19.445220947265625
2009-07-10,115.72289276123047,23.146427154541016,19.146886825561523
2009-07-17,127.93382263183594,26.40296745300293,23.113147735595703
2009-07-24,134.36151123046875,27.140153884887695,24.333532333374023
2009-07-31,133.20326232910156,27.662641525268555,23.360525131225586
2009-08-07,133.4887237548828,30.317974090576172,26.955707550048828
2009-08-14,132.73828125,30.38237762451172,26.15586280822754
2009-08-21,133.66270446777344,31.248395919799805,27.0876407623291
2009-08-28,134.4065704345703,30.71875762939453,28.233827590942383
2009-09-04,133.2213134765625,30.303647994995117,27.07939910888672
2009-09-11,142.81004333496094,30.41816520690918,28.176097869873047
2009-09-18,149.7421875,32.17168426513672,28.670854568481445
2009-09-25,146.73388671875,31.241239547729492,27.26905632019043
2009-10-02,146.8238067626953,29.996353149414062,26.933429718017578
2009-10-09,154.7449493408203,32.85553741455078,28.964414596557617
2009-10-16,150.71487426757812,33.00600814819336,28.972715377807617
2009-10-23,147.4368896484375,32.41124725341797,28.665990829467773
2009-10-30,139.1070098876953,29.93186378479004,28.881515502929688
2009-11-06,140.423095703125,31.157230377197266,30.8461856842041
2009-11-13,144.4940643310547,30.74161148071289,33.44918441772461
2009-11-20,138.97622680664062,30.426300048828125,33.92999267578125
2009-11-27,134.1940155029297,29.61656379699707,33.855377197265625
2009-12-04,137.00396728515625,29.91036033630371,32.57876205444336
2009-12-11,135.98814392089844,29.35141944885254,33.764183044433594
2009-12-18,133.68617248535156,29.344257354736328,33.581809997558594
2010-01-08,142.7957305908203,32.05558776855469,34.92706298828125
2010-01-15,135.3409423828125,31.338150024414062,35.293392181396484
2010-01-22,126.25592041015625,28.095287322998047,32.129573822021484
2010-01-29,121.83224487304688,27.937440872192383,31.355266571044922
2010-02-05,126.28870391845703,27.4782772064209,31.513458251953125
2010-02-12,126.10034942626953,27.94462013244629,31.988027572631836
2010-02-19,127.94354248046875,28.71946144104004,32.5208854675293
2010-02-26,128.3699951171875,30.111310958862305,31.79652976989746
2010-03-05,137.2619171142578,30.713970184326172,33.470035552978516
2010-03-12,143.6496124267578,30.95789337158203,33.93628692626953
2010-03-19,146.0634765625,31.173131942749023,33.578285217285156
2010-03-26,141.93356323242188,32.299537658691406,34.236019134521484
2010-04-09,147.06517028808594,33.025177001953125,36.69318771362305
2010-04-16,131.94155883789062,32.71632385253906,37.71337890625
2010-04-23,129.23214721679688,32.2781982421875,40.18021774291992
2010-04-30,119.21536254882812,30.5831241607666,38.566314697265625
2010-05-07,117.40084838867188,29.275917053222656,33.95038986206055
2010-05-14,117.59786224365234,28.651025772094727,33.98385238647461
2010-05-21,115.45499420166016,28.765953063964844,33.298152923583984
2010-05-28,118.73977661132812,28.42837905883789,33.339969635009766
2010-06-04,117.08533477783203,27.020606994628906,32.119083404541016
2010-06-11,111.64470672607422,27.35818099975586,33.557369232177734
2010-06-18,113.73536682128906,28.14107322692871,35.14618682861328
2010-06-25,114.95356750488281,28.32780647277832,35.681365966796875
2010-07-02,107.89141082763672,25.77013397216797,33.11233139038086
2010-07-09,113.63661193847656,27.942209243774414,35.76669692993164
2010-07-16,120.3118896484375,28.05008888244629,34.758724212646484
2010-07-23,121.3078384399414,28.64706039428711,37.62306594848633
2010-07-30,124.13932800292969,28.9707088470459,37.497074127197266
2010-08-06,127.72797393798828,29.085783004760742,36.53948211669922
2010-08-13,121.88402557373047,26.971242904663086,35.052703857421875
2010-08-20,122.0157699584961,26.71231460571289,34.23793029785156
2010-08-27,115.02764129638672,26.32393455505371,34.363914489746094
2010-09-03,121.53820037841797,28.172367095947266,35.11149597167969
2010-09-10,124.09618377685547,28.596704483032227,33.759124755859375
2010-09-17,124.58300018310547,28.81248664855957,34.75031280517578
2010-09-24,121.5299072265625,28.58951187133789,36.22870635986328
2010-10-01,121.87645721435547,27.913429260253906,35.09470748901367
2010-10-08,125.9693374633789,28.309534072875977,32.06192398071289
2010-10-15,124.34369659423828,26.753986358642578,32.99026870727539
2010-10-22,130.1776123046875,27.15007209777832,32.93962478637695
2010-10-29,132.95835876464844,27.099655151367188,34.990440368652344
2010-11-05,141.16050720214844,29.48339080810547,37.19315719604492
2010-11-12,136.83668518066406,28.525575637817383,36.03694534301758
2010-11-19,137.52975463867188,28.381542205810547,36.07914733886719
2010-11-26,130.55718994140625,27.00603675842285,35.674049377441406
2010-12-03,134.22708129882812,28.525575637817383,37.87678146362305
2010-12-10,139.32125854492188,29.836275100708008,39.041439056396484
2010-12-17,135.65768432617188,28.56878089904785,37.142539978027344
2010-12-31,139.06492614746094,30.54922103881836,36.222625732421875
2011-01-07,141.15713500976562,31.463932037353516,37.59187316894531
2011-01-14,144.72140502929688,32.37957763671875,39.19351577758789
2011-01-21,137.44403076171875,32.65355682373047,38.981658935546875
2011-01-28,133.78050231933594,32.112815856933594,37.168174743652344
2011-02-04,136.31103515625,32.148860931396484,37.13426208496094
2011-02-11,137.8243865966797,33.576416015625,39.61722946166992
2011-02-18,138.96568298339844,34.6074333190918,38.5833625793457
2011-02-25,136.5508575439453,33.655723571777344,36.888511657714844
2011-03-04,133.42652893066406,32.81938171386719,37.04952621459961
2011-03-11,133.16134643554688,32.977989196777344,37.52406692504883
2011-03-18,132.56460571289062,32.977989196777344,37.43087387084961
2011-03-25,130.91552734375,33.06452560424805,38.63420486450195
2011-04-01,132.7884063720703,33.41780090332031,38.439300537109375
2011-04-08,133.39340209960938,33.954227447509766,39.37498474121094
2011-04-15,128.5618896484375,32.540687561035156,39.349456787109375
2011-04-29,125.14750671386719,33.077083587646484,41.757225036621094
2011-05-06,124.39330291748047,32.649410247802734,42.71010208129883
2011-05-13,117.23306274414062,31.27934455871582,42.106048583984375
2011-05-20,111.87110137939453,31.264854431152344,43.552406311035156
2011-05-27,115.20851135253906,31.018396377563477,43.501365661621094
2011-06-03,112.4416732788086,30.134014129638672,41.9273796081543
2011-06-10,112.9319076538086,29.7570743560791,40.61713790893555
2011-06-17,114.02035522460938,29.575841903686523,41.26375198364258
2011-06-24,108.76924896240234,28.626239776611328,41.12762451171875
2011-07-01,113.53842163085938,30.326446533203125,44.69228744506836
2011-07-08,111.40310668945312,29.713796615600586,45.31562042236328
2011-07-15,108.1460952758789,29.159494400024414,44.2397346496582
2011-07-22,112.57462310791016,30.771366119384766,44.60690689086914
2011-07-29,112.1425552368164,29.502286911010742,42.728355407714844
2011-08-05,104.00836944580078,27.423633575439453,40.31187057495117
2011-08-12,96.7714614868164,26.19103240966797,38.330848693847656
2011-08-19,92.85807800292969,25.053234100341797,37.972232818603516
2011-08-26,92.84976196289062,26.40983009338379,41.396297454833984
2011-09-02,89.2220230102539,25.257455825805664,41.42192077636719
2011-09-09,85.21343994140625,23.397611618041992,40.37164306640625
2011-09-16,89.58036804199219,24.382234573364258,42.79667282104492
2011-09-23,79.32144165039062,21.581520080566406,39.662906646728516
2011-09-30,78.7964096069336,21.96807861328125,38.33939743041992
2011-10-07,77.24628448486328,22.58820915222168,37.238525390625
2011-10-14,80.6131591796875,23.463783264160156,39.52788543701172
2011-10-21,85.08011627197266,24.589509963989258,41.55143737792969
2011-10-28,96.55581665039062,26.995473861694336,44.67251205444336
2011-11-04,87.53860473632812,24.994186401367188,43.883670806884766
2011-11-11,84.7217788696289,24.486499786376953,43.189151763916016
2011-11-18,76.59625244140625,22.529342651367188,40.19670104980469
2011-11-25,73.9627685546875,20.954795837402344,38.584712982177734
2011-12-02,81.36022186279297,23.787517547607422,41.354209899902344
2011-12-09,84.87397766113281,24.412927627563477,41.84297561645508
2011-12-16,75.37844848632812,23.463783264160156,40.19670104980469
2011-12-23,78.4655532836914,24.69986915588379,41.11415481567383
2011-12-30,75.65454864501953,24.464431762695312,40.44533920288086
2012-01-06,78.15599822998047,26.20418930053711,41.543052673339844
2012-01-13,82.79081726074219,26.619186401367188,42.825408935546875
2012-01-20,90.97286224365234,27.686317443847656,43.06639099121094
2012-01-27,93.50776672363281,27.575164794921875,42.902870178222656
2012-02-03,98.32665252685547,28.368104934692383,44.9683952331543
2012-02-10,95.47379302978516,27.871597290039062,44.5897216796875
2012-02-17,96.97135925292969,28.508914947509766,45.49339294433594
2012-02-24,96.9378890991211,28.368104934692383,45.89790344238281
2012-03-02,100.66275787353516,30.109619140625,45.60527038574219
2012-03-09,98.42221069335938,30.406047821044922,45.78601837158203
2012-03-16,103.15496063232422,33.0294303894043,48.669151306152344
2012-03-23,105.88214874267578,33.466651916503906,49.27159118652344
2012-03-30,104.36331939697266,34.07433319091797,49.79659652709961
2012-04-13,96.57614135742188,32.2311897277832,49.46795654296875
2012-04-20,94.35243225097656,31.86568832397461,49.614784240722656
2012-04-27,96.00552368164062,32.328147888183594,51.96382141113281
2012-05-04,91.45742797851562,31.14213752746582,51.90336227416992
2012-05-11,85.70094299316406,27.569190979003906,51.506103515625
2012-05-18,80.12907409667969,24.980844497680664,47.8443717956543
2012-05-25,81.1444091796875,24.988300323486328,48.19845199584961
2012-06-01,78.10908508300781,23.817218780517578,46.14303207397461
2012-06-08,79.7110824584961,25.122568130493164,48.24163818359375
2012-06-15,80.65541076660156,26.12957191467285,48.60434341430664
2012-06-22,78.9438247680664,26.84564208984375,49.04479217529297
2012-06-29,80.82402801513672,26.651714324951172,50.27113342285156
2012-07-06,80.49520874023438,25.49751853942871,50.80592346191406
2012-07-13,82.14779663085938,27.12965965270996,50.19933319091797
2012-07-20,79.39069366455078,25.49751853942871,48.36225509643555
2012-07-27,85.69744873046875,27.746410369873047,50.71926498413086
2012-08-03,85.14093017578125,27.144695281982422,49.922054290771484
2012-08-10,86.86096954345703,27.806589126586914,48.39691162109375
2012-08-17,87.34998321533203,27.814096450805664,49.904720306396484
2012-08-24,88.49668884277344,27.957008361816406,49.81805419921875
2012-08-31,89.52925872802734,27.93444061279297,50.51996612548828
2012-09-07,98.51435852050781,29.55906867980957,50.02603530883789
2012-09-14,102.77399444580078,31.266420364379883,51.36051559448242
2012-09-21,98.84461975097656,30.747447967529297,50.1386833190918
2012-09-28,96.27015686035156,30.446584701538086,49.272125244140625
2012-10-05,101.03794860839844,31.603410720825195,50.92338562011719
2012-10-12,101.79165649414062,31.53522491455078,50.340755462646484
2012-10-19,104.68790435791016,32.06561279296875,49.44507598876953
2012-10-26,101.14805603027344,31.186691284179688,48.47982406616211
2012-11-02,104.37457275390625,32.14137649536133,49.31462860107422
2012-11-09,98.36190795898438,30.77753257751465,48.549400329589844
2012-11-16,98.09939575195312,29.95163345336914,47.218929290771484
2012-11-23,101.88479614257812,31.133657455444336,49.140708923339844
2012-11-30,100.17373657226562,31.12606430053711,48.61027145385742
2012-12-07,99.13621520996094,32.247459411621094,49.22768783569336
2012-12-14,101.5089340209961,32.43687438964844,49.26246643066406
2012-12-21,109.2309799194336,33.33854675292969,50.13206481933594
2012-12-28,106.74765014648438,32.7626838684082,49.27985382080078
2013-01-04,114.39315032958984,34.605106353759766,52.017459869384766
2013-01-11,116.62135314941406,35.20016098022461,53.43983840942383
2013-01-18,122.84651947021484,35.44430160522461,52.16579818725586
2013-01-25,122.85503387451172,35.978328704833984,51.92147445678711
2013-02-01,127.48145294189453,36.50471496582031,52.279239654541016
2013-02-08,128.92730712890625,37.09978103637695,53.928504943847656
2013-02-15,131.8102264404297,37.29051208496094,53.832515716552734
2013-02-22,131.0447998046875,37.31338882446289,54.60043716430664
2013-03-01,128.45225524902344,37.31338882446289,54.42591094970703
2013-03-08,130.54290771484375,38.29752731323242,56.45913314819336
2013-03-15,132.13014221191406,38.16022491455078,57.67207717895508
2013-03-22,125.09867095947266,37.214210510253906,57.78553009033203
2013-04-05,122.61546325683594,36.779022216796875,57.151695251464844
2013-04-12,127.2490234375,37.62347412109375,57.48427963256836
2013-04-19,118.37439727783203,36.257015228271484,58.84960174560547
2013-04-26,122.9738540649414,37.52366638183594,59.295982360839844
2013-05-03,124.04906463623047,36.51801300048828,61.466552734375
2013-05-10,127.23198699951172,37.585086822509766,61.33523178100586
2013-05-17,134.98028564453125,40.14908981323242,64.17094421386719
2013-05-24,135.44100952148438,41.1931266784668,65.87760162353516
2013-05-31,138.74533081054688,41.907066345214844,66.26270294189453
2013-06-07,142.10951232910156,41.66140365600586,68.30197143554688
2013-06-14,139.4644012451172,40.7862663269043,63.86460876464844
2013-06-21,132.04261779785156,39.888099670410156,64.16219329833984
2013-06-28,129.47454833984375,40.5252685546875,65.43126678466797
2013-07-05,131.177978515625,41.748695373535156,66.9915542602539
2013-07-12,137.05889892578125,42.506500244140625,68.76487731933594
2013-07-19,140.69708251953125,43.426692962646484,65.01629638671875
2013-07-26,141.46751403808594,43.34162139892578,66.13999938964844
2013-08-02,143.48776245117188,43.68186569213867,66.44728088378906
2013-08-09,138.78811645507812,42.158531188964844,66.28045654296875
2013-08-16,137.52976989746094,41.20741653442383,65.99076080322266
2013-08-23,135.80917358398438,40.45735168457031,64.65638732910156
2013-08-30,130.65415954589844,39.07319259643555,63.12883758544922
2013-09-06,134.54464721679688,40.6429328918457,64.39299774169922
2013-09-13,140.84852600097656,40.6661262512207,66.10490417480469
2013-09-20,145.7867889404297,40.828514099121094,67.87822723388672
2013-09-27,137.2843780517578,40.395484924316406,66.62283325195312
2013-10-04,134.4501953125,41.02802658081055,65.43397521972656
2013-10-11,137.4131622314453,40.90340805053711,66.39379119873047
2013-10-18,136.2881622314453,42.297752380371094,70.90220642089844
2013-10-25,139.20816040039062,41.10593032836914,72.74256896972656
2013-11-01,139.1737823486328,40.90340805053711,72.3463363647461
2013-11-08,140.13568115234375,42.032901763916016,72.01171875
2013-11-15,141.1920623779297,42.74175262451172,72.90989685058594
2013-11-22,144.3697052001953,44.759273529052734,73.83447265625
2013-11-29,145.5675811767578,44.572330474853516,75.55155944824219
2013-12-06,144.0769500732422,43.66872787475586,75.66602325439453
2013-12-13,145.09368896484375,43.75440216064453,73.68479919433594
2013-12-20,150.9270477294922,44.94621658325195,77.11012268066406
2013-12-27,151.95242309570312,45.28896713256836,78.53662109375
2014-01-03,153.50338745117188,45.99288558959961,79.02091217041016
2014-01-10,153.71017456054688,45.85960006713867,78.17425537109375
2014-01-17,151.89212036132812,45.56165313720703,80.31074523925781
2014-01-24,144.4474334716797,43.19379425048828,76.76175689697266
2014-01-31,141.41441345214844,43.4055061340332,75.05790710449219
2014-02-07,139.52740478515625,44.393402099609375,76.8059310913086
2014-02-14,141.06976318359375,45.5930290222168,78.57154846191406
2014-02-21,141.7418670654297,45.16962432861328,78.350830078125
2014-02-28,143.90618896484375,44.550228118896484,80.58441925048828
2014-03-07,150.658447265625,46.573097229003906,82.8620834350586
2014-03-14,142.95521545410156,44.53453826904297,79.60447692871094
2014-03-21,144.3384552001953,47.176822662353516,80.7962875366211
2014-03-28,140.31832885742188,47.074893951416016,79.8604736328125
2014-04-04,141.13099670410156,47.190128326416016,78.92070770263672
2014-04-11,132.03579711914062,43.63174057006836,74.82290649414062
2014-04-25,136.80816650390625,43.94732666015625,77.0267105102539
2014-05-02,137.3614959716797,43.85265350341797,76.93817138671875
2014-05-09,135.9090118408203,42.613914489746094,78.628662109375
2014-05-16,135.24330139160156,42.06161880493164,77.44267272949219
2014-05-23,138.46812438964844,43.024200439453125,78.57554626464844
2014-05-30,138.6368408203125,43.844764709472656,80.98291015625
2014-06-06,144.17161560058594,44.94936752319336,84.0009765625
2014-06-13,143.9113311767578,45.004600524902344,83.94788360595703
2014-06-20,147.3379669189453,45.40699005126953,84.55855560302734
2014-06-27,144.68338012695312,45.391197204589844,84.0186767578125
2014-07-11,142.9657745361328,44.33400344848633,83.842041015625
2014-07-18,148.75209045410156,46.26467514038086,83.00782012939453
2014-07-25,152.16136169433594,46.8843994140625,81.58779907226562
2014-08-01,147.69369506835938,44.87428283691406,76.74205017089844
2014-08-08,149.43734741210938,44.76304244995117,77.62957763671875
2014-08-15,149.1250762939453,45.08879089355469,76.85743713378906
2014-08-22,152.2220916748047,46.47126007080078,78.88091278076172
2014-08-29,155.86170959472656,47.233978271484375,79.47555541992188
2014-09-05,156.41860961914062,47.599456787109375,79.52877807617188
2014-09-12,159.3946990966797,47.69480514526367,77.78042602539062
2014-09-19,162.0314178466797,48.552879333496094,79.60868072509766
2014-09-26,161.0915985107422,48.11590576171875,78.42831420898438
2014-10-03,163.65867614746094,48.23210906982422,77.5848617553711
2014-10-10,156.96688842773438,46.80834197998047,75.65325164794922
2014-10-17,153.94725036621094,44.9526481628418,73.50802612304688
2014-10-24,159.5513458251953,46.98430633544922,76.9083480834961
2014-10-31,165.32952880859375,48.37607955932617,80.068359375
2014-11-07,165.95603942871094,49.167964935302734,82.12459564208984
2014-11-14,165.3207550048828,48.21611404418945,80.70927429199219
2014-11-21,164.98138427734375,48.35209655761719,80.46002960205078
2014-11-28,164.47805786132812,48.12013244628906,82.26702880859375
2014-12-05,170.62384033203125,50.151798248291016,82.47176361083984
2014-12-12,164.83604431152344,48.024147033691406,81.00302124023438
2014-12-19,168.72943115234375,49.535892486572266,82.69428253173828
2014-12-26,170.62384033203125,50.03181838989258,83.93156433105469
2015-01-02,169.71595764160156,50.30536651611328,82.80109405517578
2015-01-09,163.5526885986328,47.76956558227539,80.72352600097656
2015-01-16,154.7181396484375,45.02446746826172,76.8132553100586
2015-01-23,157.5640869140625,45.62823486328125,75.10807037353516
2015-01-30,150.51036071777344,43.776702880859375,72.03694152832031
2015-02-06,160.13063049316406,46.602291107177734,75.89370727539062
2015-02-13,164.99310302734375,48.03522872924805,69.70686340332031
2015-02-20,167.18426513671875,48.1398811340332,71.26920318603516
2015-02-27,166.20291137695312,49.331295013427734,72.84044647216797
2015-03-06,163.68081665039062,49.0173454284668,71.69772338867188
2015-03-13,165.80877685546875,49.10590744018555,71.95660400390625
2015-03-20,169.12774658203125,49.709659576416016,73.8314208984375
2015-03-27,164.6879119873047,47.93861389160156,69.6086654663086
2015-04-10,171.32586669921875,49.99955368041992,71.29241180419922
2015-04-17,172.8233184814453,50.923362731933594,69.25909423828125
2015-04-24,173.38380432128906,50.7288703918457,69.8592300415039
2015-05-01,172.98098754882812,51.54734420776367,69.58155059814453
2015-05-08,175.58189392089844,53.070823669433594,70.74601745605469
2015-05-15,177.74493408203125,53.38685989379883,71.85672760009766
2015-05-22,181.97462463378906,53.86498260498047,72.77935028076172
2015-05-29,181.12786865234375,53.30583953857422,71.40885925292969
2015-06-05,184.8700408935547,54.63483428955078,71.11326599121094
2015-06-12,187.16285705566406,55.307437896728516,71.23866271972656
2015-06-19,187.27703857421875,55.169677734375,71.82986450195312
2015-06-26,187.2594451904297,55.87467956542969,71.55217742919922
2015-07-10,182.00631713867188,54.690128326416016,69.50920867919922
2015-07-17,186.63577270507812,56.45196533203125,71.22647094726562
2015-07-24,182.14686584472656,56.20725631713867,68.24150848388672
2015-07-31,180.1439971923828,55.89730453491211,68.38534545898438
2015-08-07,178.71212768554688,55.50580596923828,71.67604064941406
2015-08-14,177.46473693847656,55.37529373168945,72.74595642089844
2015-08-21,164.92042541503906,51.87609100341797,69.25747680664062
2015-08-28,165.4977264404297,52.308387756347656,68.91580963134766
2015-09-04,159.00123596191406,50.163204193115234,66.60513305664062
2015-09-11,163.31170654296875,51.027809143066406,67.8818359375
2015-09-18,159.494873046875,49.70643997192383,68.28644561767578
2015-09-25,158.5164337158203,50.138736724853516,67.52220916748047
2015-10-02,156.03065490722656,49.958290100097656,66.90182495117188
2015-10-09,157.9523162841797,50.87842559814453,69.79034423828125
2015-10-16,163.23233032226562,51.289188385009766,69.68203735351562
2015-10-23,163.5144500732422,52.47221374511719,67.3174819946289
2015-10-30,165.2773895263672,52.78441619873047,66.11717987060547
2015-11-06,175.564208984375,56.24312210083008,67.05579376220703
2015-11-13,167.8249053955078,53.86064529418945,64.2580337524414
2015-11-20,168.77685546875,55.4873046875,65.35906219482422
2015-11-27,167.8953857421875,55.18333053588867,64.84465789794922
2015-12-04,168.0457763671875,55.77484893798828,64.16777801513672
2015-12-11,156.16696166992188,52.636531829833984,62.146156311035156
2015-12-18,155.22052001953125,52.90763473510742,61.2526969909668
2016-01-08,145.0045623779297,48.73028564453125,57.677433013916016
2016-01-15,137.63670349121094,47.175418853759766,57.02478790283203
2016-01-22,138.7423095703125,47.10098648071289,49.909149169921875
2016-01-29,142.89950561523438,49.2099723815918,48.49508285522461
2016-02-05,138.39735412597656,47.76261901855469,48.93019104003906
2016-02-12,129.25167846679688,47.54759979248047,47.733673095703125
2016-02-19,129.941650390625,47.82052230834961,49.59189224243164
2016-02-26,132.8957977294922,47.58894729614258,50.19921875
2016-03-04,139.327392578125,49.66486358642578,52.836978912353516
2016-03-11,136.7511749267578,49.07765197753906,53.89753341674805
2016-03-18,140.00250244140625,50.02048873901367,55.49287796020508
2016-04-01,141.97462463378906,49.515987396240234,55.38411331176758
2016-04-08,133.4998779296875,48.107913970947266,54.19490432739258
2016-04-15,140.81982421875,51.5489616394043,56.59952163696289
2016-04-22,148.13082885742188,53.29863739013672,60.051605224609375
2016-04-29,145.7855987548828,52.65707778930664,59.59618377685547
2016-05-06,141.11297607421875,51.3239860534668,58.758216857910156
2016-05-13,137.99485778808594,50.99071502685547,58.40299606323242
2016-05-20,137.2575225830078,52.91537094116211,58.22081756591797
2016-05-27,142.29794311523438,54.51507568359375,59.67815399169922
2016-06-03,138.85487365722656,53.85686111450195,59.65082550048828
2016-06-10,133.69924926757812,53.19032669067383,59.177207946777344
2016-06-17,129.9082794189453,51.89055252075195,56.344478607177734
2016-06-24,126.53662109375,49.657623291015625,54.704986572265625
2016-07-01,132.2364044189453,51.43804168701172,55.55706024169922
2016-07-08,134.13633728027344,51.91666030883789,56.28941345214844
2016-07-15,144.18002319335938,53.889869689941406,58.38572692871094
2016-07-22,143.08290100097656,53.77231979370117,58.843441009521484
2016-07-29,141.6557159423828,53.71354675292969,59.00821304321289
2016-08-05,144.58145141601562,55.66997146606445,59.978572845458984
2016-08-12,145.6161346435547,54.84709930419922,59.85041427612305
2016-08-19,148.2742156982422,55.300514221191406,59.98772430419922
2016-08-26,148.0422821044922,55.60280227661133,59.31031799316406
2016-09-02,151.4956512451172,56.66918182373047,59.67647933959961
2016-09-09,150.94944763183594,55.96385192871094,59.61239242553711
2016-09-16,148.6480712890625,55.266929626464844,58.27587890625
2016-09-23,147.86900329589844,56.467655181884766,58.44980239868164
2016-09-30,144.4125213623047,55.91346740722656,58.62373733520508
2016-10-07,152.0777587890625,57.605499267578125,56.82107925415039
2016-10-14,152.6956329345703,57.106510162353516,55.33983612060547
2016-10-21,156.4117889404297,57.92689514160156,61.97323989868164
2016-10-28,158.62362670898438,58.45128631591797,61.136024475097656
2016-11-04,157.53115844726562,57.309478759765625,60.271202087402344
2016-11-11,182.6222381591797,64.86223602294922,64.86215209960938
2016-11-18,188.36224365234375,65.72491455078125,65.32215118408203
2016-11-25,189.28451538085938,66.67216491699219,67.03341674804688
2016-12-02,200.63226318359375,69.01496124267578,66.1133804321289
2016-12-09,217.24081420898438,72.30500030517578,68.79065704345703
2016-12-16,214.59097290039062,71.8398208618164,69.00227355957031
2016-12-23,216.4503936767578,73.62444305419922,68.97467041015625
2016-12-30,215.0850067138672,72.98162078857422,68.15585327148438
2017-01-06,219.98046875,73.24087524414062,69.73085021972656
2017-01-13,219.44151306152344,73.73413848876953,70.79338073730469
2017-01-20,208.57272338867188,71.1572494506836,70.40531921386719
2017-01-27,212.83938598632812,73.92974090576172,71.00588989257812
2017-02-03,216.43238830566406,74.1423568725586,72.10539245605469
2017-02-10,218.02227783203125,73.98925018310547,72.51191711425781
2017-02-17,224.90283203125,76.7362289428711,73.64839935302734
2017-02-24,222.18115234375,76.82124328613281,73.6946029663086
2017-03-03,227.75119018554688,78.92189025878906,73.80545806884766
2017-03-10,223.6895294189453,77.62919616699219,73.34347534179688
2017-03-17,219.69090270996094,77.11892700195312,73.22337341308594
2017-03-24,205.70465087890625,74.23590087890625,72.25322723388672
2017-03-31,206.88441467285156,74.70365142822266,73.09403228759766
2017-04-07,205.22731018066406,73.71302795410156,72.15093994140625
2017-04-21,195.30282592773438,72.29316711425781,73.8394546508789
2017-04-28,201.5528564453125,74.41438293457031,73.52400207519531
2017-05-05,204.3177490234375,74.41438293457031,72.66120147705078
2017-05-12,200.67034912109375,74.34597778320312,71.89117431640625
2017-05-19,193.9789276123047,72.51553344726562,71.25102996826172
2017-05-26,201.3097686767578,73.01162719726562,71.86332702636719
2017-06-02,192.75242614746094,70.68512725830078,72.81892395019531
2017-06-09,201.0025177001953,74.38018035888672,74.50743103027344
2017-06-16,200.43324279785156,73.71302795410156,75.5650405883789
2017-06-23,196.2584686279297,74.29464721679688,76.27942657470703
2017-06-30,200.51455688476562,78.17787170410156,78.15348052978516
2017-07-07,203.56878662109375,80.71501922607422,78.53227996826172
2017-07-14,206.56886291503906,79.33895111083984,79.4169692993164
2017-07-21,198.9603271484375,78.16928100585938,79.70562744140625
2017-07-28,202.05975341796875,78.50471496582031,78.969970703125
2017-08-04,207.64418029785156,80.55158996582031,80.05953979492188
2017-08-11,202.54771423339844,78.62510681152344,78.49500274658203
2017-08-18,200.74044799804688,78.04027557373047,79.51008605957031
2017-08-25,201.0296173095703,79.0293197631836,79.59392547607422
2017-09-01,204.80810546875,78.86590576171875,80.21784210205078
2017-09-08,196.94692993164062,76.04496765136719,78.45777130126953
2017-09-15,204.20965576171875,78.797119140625,81.00938415527344
2017-09-22,209.47764587402344,81.557861328125,82.32245635986328
2017-09-29,215.06300354003906,82.14266967773438,84.24082946777344
2017-10-06,223.06927490234375,83.84259796142578,85.58504486083984
2017-10-13,216.27801513671875,82.92562103271484,86.80967712402344
2017-10-20,221.89964294433594,86.08312225341797,86.08983612060547
2017-10-27,219.1613311767578,88.03816986083984,89.54878234863281
2017-11-03,221.6003875732422,87.72676086425781,90.14708709716797
2017-11-10,217.7468719482422,84.35298919677734,87.42668914794922
2017-11-17,215.81556701660156,84.89797973632812,87.5855941772461
2017-11-24,213.9386749267578,85.05368041992188,87.3892822265625
2017-12-01,226.435302734375,90.65070343017578,91.4839096069336
2017-12-08,227.7086639404297,91.63687133789062,92.12895202636719
2017-12-15,233.91188049316406,91.81855010986328,92.10089874267578
2017-12-22,235.54910278320312,92.95177459716797,92.30655670166016
2017-12-29,231.71987915039062,92.5105972290039,92.83941650390625
2018-01-05,232.4110870361328,94.20991516113281,94.8274917602539
2018-01-12,233.7845458984375,97.97518157958984,94.72431182861328
2018-01-19,232.95684814453125,98.27084350585938,91.96617126464844
2018-01-26,243.88978576660156,101.14915466308594,93.4671859741211
2018-02-02,236.52235412597656,99.37519073486328,90.69967651367188
2018-02-09,226.75363159179688,95.68820190429688,86.0464859008789
2018-02-16,243.41680908203125,99.72303771972656,90.80287170410156
2018-02-23,242.64364624023438,102.010009765625,92.68854522705078
2018-03-02,235.43496704101562,98.54042053222656,89.68648529052734
2018-03-09,246.9731903076172,102.64480590820312,92.92308044433594
2018-03-16,244.08180236816406,100.38391876220703,89.69585418701172
2018-03-23,223.70518493652344,93.05339050292969,84.85504913330078
2018-04-06,228.00128173828125,95.34314727783203,86.5484390258789
2018-04-13,233.4282989501953,96.40068054199219,87.60309600830078
2018-04-20,229.81639099121094,97.42324829101562,94.910400390625
2018-04-27,218.7250518798828,95.61408233642578,93.79925537109375
2018-05-04,214.29220581054688,94.76632690429688,92.61276245117188
2018-05-11,221.57083129882812,99.5120849609375,95.50364685058594
2018-05-18,216.171142578125,97.1260986328125,95.09874725341797
2018-05-25,214.35604858398438,96.7153091430664,95.20233917236328
2018-06-01,209.0178680419922,94.74010467529297,92.51858520507812
2018-06-08,213.6311798095703,97.10859680175781,95.10816955566406
2018-06-15,212.28567504882812,94.3031005859375,92.77284240722656
2018-06-22,206.8851318359375,92.42403411865234,91.55809783935547
2018-06-29,201.8965301513672,91.06935119628906,92.28317260742188
2018-07-06,203.01324462890625,91.44123077392578,93.10591125488281
2018-07-13,207.24209594726562,93.46233367919922,94.97709655761719
2018-07-20,212.0751190185547,97.78570556640625,94.6463394165039
2018-07-27,217.52139282226562,101.95970916748047,98.14301300048828
2018-08-03,214.2719268798828,102.89115142822266,95.25115203857422
2018-08-10,210.17124938964844,101.69607543945312,95.99773406982422
2018-08-17,213.62205505371094,100.85249328613281,97.3680648803711
2018-08-24,215.20558166503906,100.7734146118164,99.94804382324219
2018-08-31,218.39788818359375,100.68551635742188,100.15596008300781
2018-09-07,214.8162384033203,100.45704650878906,100.2504653930664
2018-09-14,210.5274200439453,99.73648071289062,103.53919982910156
2018-09-21,216.12948608398438,103.55899810791016,104.80557250976562
2018-09-28,205.93556213378906,99.15653228759766,100.63790893554688
2018-10-05,207.2855682373047,101.42601013183594,101.70298767089844
2018-10-12,196.41204833984375,94.63890075683594,97.69100952148438
2018-10-19,208.43353271484375,95.4883804321289,101.22875213623047
2018-10-26,195.02532958984375,91.51525115966797,96.0312271118164
2018-11-02,210.940673828125,95.904296875,98.36441802978516
2018-11-09,204.47537231445312,98.47931671142578,102.6988754272461
2018-11-16,185.62120056152344,97.3289566040039,103.81803894042969
2018-11-23,173.66400146484375,94.37342834472656,100.28977966308594
2018-11-30,175.83338928222656,98.3908462524414,106.48321533203125
2018-12-07,165.6719512939453,91.40020751953125,101.18133544921875
2018-12-14,159.30953979492188,88.74554443359375,100.2518539428711
2018-12-21,147.58056640625,83.33001708984375,86.62254333496094
2018-12-28,150.328369140625,85.683837890625,89.55326080322266
2019-01-04,161.41192626953125,89.82308197021484,92.986328125
2019-01-11,163.1454315185547,89.12725067138672,93.85295104980469
2019-01-18,186.7601318359375,93.30216217041016,95.69095611572266
2019-01-25,185.10040283203125,92.23167419433594,95.9671401977539
2019-02-01,181.2275848388672,92.66877746582031,98.14797973632812
2019-02-08,176.7370147705078,90.4207763671875,99.53839111328125
2019-02-15,183.03492736816406,94.1585693359375,102.26209259033203
2019-02-22,180.7296905517578,93.66791534423828,102.31922912597656
2019-03-01,183.496337890625,93.1594467163086,103.70964813232422
2019-03-08,180.7559356689453,91.8927001953125,102.83349609375
2019-03-15,183.5518798828125,95.05064392089844,108.10943603515625
2019-03-22,174.94183349609375,88.99344635009766,104.2429428100586
2019-03-29,177.74703979492188,90.30479431152344,104.090576171875
2019-04-05,187.36627197265625,94.6633071899414,106.04554748535156
2019-04-12,192.4211883544922,99.9668197631836,105.99775695800781
2019-04-26,188.01431274414062,102.89724731445312,112.39144134521484
2019-05-03,192.12493896484375,104.38044738769531,114.06393432617188
2019-05-10,187.06072998046875,101.13540649414062,113.21334075927734
2019-05-17,182.783447265625,99.57131958007812,113.79634857177734
2019-05-24,178.68209838867188,98.61846923828125,114.21685028076172
2019-05-31,169.7133026123047,95.24760437011719,109.62945556640625
2019-06-07,176.52081298828125,98.12408447265625,115.74598693847656
2019-06-14,178.2412567138672,98.71736145019531,116.59656524658203
2019-06-21,182.22161865234375,98.37577819824219,119.20565032958984
2019-06-28,190.27529907226562,100.49718475341797,117.97279357910156
2019-07-05,193.34425354003906,102.73857116699219,120.22077178955078
2019-07-12,198.96136474609375,104.37710571289062,122.67504119873047
2019-07-19,198.57078552246094,102.78382110595703,119.66472625732422
2019-07-26,206.58724975585938,105.20994567871094,121.54377746582031
2019-08-02,194.71133422851562,102.23162078857422,119.17578887939453
2019-08-09,192.4142608642578,99.34382629394531,120.9589614868164
2019-08-16,185.45799255371094,97.51518249511719,119.4825668334961
2019-08-23,182.4634246826172,95.97623443603516,112.89630889892578
2019-08-30,190.8237762451172,99.45246124267578,115.39850616455078
2019-09-06,193.91197204589844,101.94194793701172,115.2259521484375
2019-09-13,205.78756713867188,108.84004974365234,114.27684783935547
2019-09-20,200.0229034423828,107.63605499267578,111.9759521484375
2019-09-27,195.5590362548828,106.56783294677734,113.69203186035156
2019-10-04,187.91334533691406,104.59272766113281,110.10418701171875
2019-10-11,191.54434204101562,105.979736328125,112.01927947998047
2019-10-18,193.2662353515625,110.01307678222656,112.36573791503906
2019-10-25,200.4814453125,115.0045394897461,113.80927276611328
2019-11-01,203.43865966796875,116.61970520019531,114.65616607666016
2019-11-08,208.60443115234375,118.9739761352539,116.89848327636719
2019-11-15,206.11509704589844,118.1983413696289,116.21520233154297
2019-11-22,206.14317321777344,119.3481216430664,114.57917785644531
2019-11-29,208.31246948242188,120.2332534790039,115.59929656982422
2019-12-06,211.38043212890625,123.22630310058594,116.07083892822266
2019-12-13,211.74745178222656,124.84146118164062,120.02616119384766
2019-12-20,215.4459686279297,125.2338638305664,121.03663635253906
2019-12-27,217.0740966796875,126.96761322021484,120.47848510742188
2020-01-03,217.93991088867188,127.04804229736328,120.3262939453125
2020-01-10,227.84971618652344,124.96334075927734,122.91437530517578
2020-01-17,234.76678466796875,126.91949462890625,127.00895690917969
2020-01-24,227.67091369628906,122.28166961669922,130.475830078125
2020-01-31,223.74647521972656,121.5561752319336,125.41553497314453
2020-02-07,223.98178100585938,125.9735336303711,127.29866790771484
2020-02-14,223.115966796875,126.23987579345703,131.20973205566406
2020-02-21,217.0364227294922,124.72454071044922,130.27301025390625
2020-02-28,190.09986877441406,106.63257598876953,106.15946197509766
2020-03-06,182.6007843017578,99.25800323486328,104.52742004394531
2020-03-13,167.754150390625,95.42839813232422,96.18377685546875
2020-03-20,131.05406188964844,76.68433380126953,71.5777359008789
2020-03-27,149.92483520507812,83.69154357910156,85.6866226196289
2020-04-03,139.12124633789062,77.99156951904297,71.47036743164062
2020-04-17,173.73826599121094,88.31930541992188,84.86136627197266
2020-04-24,167.59315490722656,84.1715087890625,80.76347351074219
2020-05-01,167.68783569335938,86.52840423583984,85.76445007324219
2020-05-08,175.53726196289062,86.01806640625,86.91030883789062
2020-05-15,162.73577880859375,79.70820617675781,79.84095764160156
2020-05-22,170.36744689941406,83.02088165283203,86.74523162841797
2020-05-29,187.21034240722656,90.29576110839844,92.31913757324219
2020-06-05,207.6282196044922,103.2123794555664,106.5549545288086
2020-06-12,192.25048828125,92.67123413085938,98.73787689208984
2020-06-19,192.10757446289062,90.75970458984375,98.01930236816406
2020-06-26,180.25511169433594,85.91597747802734,90.71688079833984
2020-07-10,195.85195922851562,90.20121002197266,90.94315338134766
2020-07-17,201.42567443847656,91.9720687866211,92.84532165527344
2020-07-24,191.9551239013672,92.08450317382812,92.99163818359375
2020-07-31,188.6108856201172,90.54788970947266,91.03094482421875
2020-08-07,198.43399047851562,93.11515808105469,96.72769927978516
2020-08-14,198.14813232421875,95.95413970947266,97.94703674316406
2020-08-21,192.8697509765625,91.18501281738281,93.79153442382812
2020-08-28,197.90042114257812,96.29145050048828,100.02478790283203
2020-09-04,202.19468688964844,96.9941635131836,103.0780029296875
2020-09-11,192.590087890625,94.69862365722656,100.82466125488281
2020-09-18,186.78134155273438,92.15008544921875,100.90270233154297
2020-09-25,186.8675994873047,87.57771301269531,93.8988265991211
2020-10-02,191.6123809814453,91.71907806396484,99.11759948730469
2020-10-09,198.93563842773438,95.70030212402344,104.16484069824219
2020-10-16,197.66079711914062,95.99344635009766,102.76409149169922
2020-10-23,196.53929138183594,98.16844940185547,98.91448211669922
2020-10-30,181.20262145996094,92.71202850341797,89.37370300292969
2020-11-06,192.91600036621094,97.3646469116211,94.71221160888672
2020-11-13,209.9972381591797,107.8803482055664,112.63789367675781
2020-11-20,214.09019470214844,108.34369659423828,110.27721405029297
2020-11-27,225.64060974121094,114.6323013305664,118.12335968017578
2020-12-04,230.8990478515625,115.69143676757812,122.48233032226562
2020-12-11,231.294189453125,113.06253051757812,117.7707290649414
2020-12-18,233.3566436767578,112.60861206054688,115.10636138916016
2021-01-08,279.5692138671875,129.55438232421875,119.7072982788086
2021-01-15,290.1031799316406,132.04978942871094,120.07100677490234
2021-01-22,278.9042053222656,127.43032836914062,123.99308013916016
2021-01-29,261.3443908691406,122.5537338256836,114.28125
2021-02-05,282.86529541015625,131.4211883544922,124.13069915771484
2021-02-12,295.2207946777344,134.53575134277344,127.41385650634766
2021-02-19,304.1838073730469,140.9839324951172,129.4683074951172
2021-02-26,307.9039001464844,140.17434692382812,132.95785522460938
2021-03-05,316.7473449707031,143.736572265625,144.82244873046875
2021-03-12,337.49163818359375,148.7274627685547,146.0118408203125
2021-03-19,333.03125,147.76548767089844,138.3151397705078
2021-03-26,316.7667541503906,147.71786499023438,141.28369140625
2021-04-09,320.07574462890625,149.7279815673828,145.701416015625
2021-04-16,331.20257568359375,146.87290954589844,147.8803253173828
2021-04-23,328.3386535644531,143.89332580566406,142.29994201660156
2021-04-30,337.1433410644531,147.3615264892578,151.1930694580078
2021-05-07,358.8551940917969,154.48004150390625,156.74386596679688
2021-05-14,356.8039855957031,157.1339111328125,154.9396209716797
2021-05-21,354.3754577636719,155.84051513671875,154.66354370117188
2021-05-28,361.1641540527344,157.35426330566406,157.87770080566406
2021-06-04,380.0272216796875,159.46202087402344,162.67919921875
2021-06-11,367.0181884765625,153.5698699951172,162.1960906982422
2021-06-18,338.6509094238281,141.71847534179688,155.9452667236328
2021-06-25,358.009033203125,147.59149169921875,167.0666046142578
2021-07-02,363.2417297363281,150.34991455078125,166.56344604492188
2021-07-09,360.9117736816406,150.09938049316406,169.96392822265625
2021-07-16,354.1548156738281,146.3798828125,168.0560760498047
2021-07-23,363.1349792480469,145.15611267089844,171.1896514892578
2021-07-30,363.94073486328125,146.25460815429688,168.5701141357422
2021-08-06,386.279296875,151.76638793945312,169.3905792236328
2021-08-13,398.79315185546875,154.15609741210938,164.17124938964844
2021-08-20,384.3182067871094,149.0876007080078,157.91400146484375
2021-08-27,407.4431457519531,157.11434936523438,166.71173095703125
2021-09-03,401.2479553222656,153.6839599609375,157.4691925048828
2021-09-10,393.6094970703125,151.63148498535156,156.89585876464844
2021-09-17,381.883544921875,151.9398193359375,162.0360870361328
2021-09-24,381.2884826660156,157.10472106933594,173.70046997070312
2021-10-01,370.70391845703125,161.0458221435547,171.94093322753906
2021-10-08,383.2005310058594,165.01171875,173.56741333007812
2021-10-15,396.1361389160156,161.51217651367188,174.22145080566406
2021-10-22,404.1842956542969,166.52398681640625,185.3896484375
2021-10-29,403.238037109375,164.69183349609375,172.20980834960938
2021-11-05,397.1214294433594,162.9081268310547,175.093505859375
2021-11-12,395.0045166015625,161.75454711914062,180.2465362548828
2021-11-19,377.9131164550781,155.9962921142578,171.9719696044922
2021-11-26,379.8642272949219,156.97537231445312,155.40304565429688
2021-12-03,375.33746337890625,153.44674682617188,154.531005859375
2021-12-10,383.5065612792969,154.929931640625,165.52078247070312
2021-12-17,374.4254150390625,151.9635467529297,158.564208984375
2021-12-31,375.1609191894531,153.50491333007812,162.1217803955078
2022-01-07,389.83197021484375,163.0166778564453,173.2380828857422
2022-01-14,373.58203125,153.97645568847656,167.29725646972656
2022-01-21,337.26727294921875,141.4839630126953,157.7005157470703
2022-01-28,340.3074035644531,142.97604370117188,175.90052795410156
2022-02-04,360.4997253417969,148.77854919433594,184.63299560546875
2022-02-11,356.0473937988281,150.10484313964844,190.55393981933594
2022-02-18,339.35614013671875,148.3689727783203,193.60385131835938
2022-02-25,343.3572998046875,144.3023223876953,192.44151306152344
2022-03-04,325.20806884765625,131.06866455078125,171.8174591064453
2022-03-11,322.57421875,125.69525909423828,166.80052185058594
2022-03-18,340.7054443359375,136.6273956298828,189.47109985351562
2022-03-25,332.9222412109375,138.40228271484375,189.03396606445312
2022-04-01,325.7506408691406,131.95611572265625,185.9443359375
2022-04-08,317.0401611328125,131.1461944580078,183.0150909423828
2022-04-22,315.4420471191406,124.5834732055664,179.8668670654297
2022-04-29,301.3553161621094,117.2642822265625,174.05862426757812
2022-05-06,308.7242126464844,121.54773712158203,166.52679443359375
2022-05-13,302.83502197265625,116.99901580810547,158.15811157226562
2022-05-20,302.6476135253906,115.27974700927734,152.66867065429688
2022-05-27,324.1328125,128.96517944335938,168.96766662597656
2022-06-03,316.2920227050781,127.87466430664062,166.20799255371094
2022-06-10,284.8692626953125,117.4509506225586,153.84425354003906
2022-06-17,277.6934509277344,111.04542541503906,143.64244079589844
2022-06-24,300.48138427734375,115.26010131835938,145.60508728027344
2022-07-01,296.98779296875,112.04751586914062,140.39999389648438
2022-07-08,294.2484436035156,113.34590148925781,141.75999450683594
2022-07-15,291.6679382324219,111.94840240478516,142.47999572753906
2022-07-22,321.502685546875,113.74235534667969,153.00999450683594
2022-07-29,330.8918151855469,114.33702850341797,154.02000427246094
2022-08-05,332.1622314453125,114.73348999023438,157.50999450683594
2022-08-12,351.1687316894531,121.0469970703125,165.83999633789062
2022-08-19,346.6528015136719,117.57803344726562,162.24000549316406
2022-08-26,333.8792419433594,113.65314483642578,157.30999755859375
2022-09-02,331.4800109863281,112.70166015625,149.7899932861328
2022-09-09,340.1000061035156,118.11324310302734,158.44000244140625
2022-09-16,326.2099914550781,116.04177856445312,153.0800018310547
2022-09-23,301.9700012207031,108.17218780517578,140.25999450683594
2022-09-30,293.04998779296875,103.57333374023438,134.91000366210938
2022-10-07,301.0799865722656,105.9800033569336,139.0
